Hours Studied,Previous Scores,Extracurricular Activities,Sleep Hours,Sample Question Papers Practiced,Predicted Performance Index
7,99,Yes,9,1,89.58166666666668
8,51,Yes,7,2,44.24333333333333
8,91,No,4,5,86.07416666666668
5,79,No,7,8,66.43608333333333
2,72,No,4,3,49.315
2,54,Yes,4,9,29.855
1,99,Yes,4,3,73.85716666666667
1,85,No,5,6,60.620714285714286
3,61,No,6,3,41.19
9,84,Yes,6,6,81.085
5,90,Yes,4,3,76.54883333333333
3,61,Yes,7,3,43.095
7,44,Yes,9,1,37.745
2,55,Yes,4,1,31.262500000000003
2,63,Yes,6,0,39.59
4,73,Yes,7,0,56.695
8,61,No,7,2,53.205
2,89,Yes,6,1,66.3
6,81,No,9,9,72.8575
6,62,Yes,9,0,49.35
2,54,Yes,9,5,32.575
8,48,No,6,0,38.79
9,97,Yes,8,5,95.57
1,87,Yes,8,8,63.16428571428572
7,61,Yes,4,7,55.078749999999985
8,62,Yes,4,2,57.12666666666667
8,68,No,7,3,62.985
3,54,Yes,5,0,30.65
3,69,No,4,7,49.5675
7,80,No,8,3,73.74
9,99,No,4,1,93.37583333333333
8,61,Yes,6,9,55.78
3,48,No,7,5,27.525833333333335
8,64,No,5,1,57.12
7,53,No,5,9,41.44625
7,89,No,8,1,82.435
5,40,No,4,9,25.556666666666665
7,68,No,4,8,59.52
3,67,No,9,8,49.52
4,56,No,4,7,39.400416666666665
7,91,Yes,6,3,81.7075
9,89,Yes,5,3,86.24
4,54,No,7,5,35.345
7,96,No,5,3,83.68
8,96,No,8,9,93.55833333333332
6,59,Yes,4,9,47.20245238095238
8,48,No,5,4,41.285
1,72,No,7,0,46.73
4,77,Yes,8,6,60.81
2,53,Yes,8,9,30.997083333333336
3,56,No,5,7,35.58166666666666
1,96,No,8,6,72.13
1,72,Yes,5,7,45.061166666666665
8,40,Yes,7,7,32.905
2,45,Yes,4,3,20.295
5,72,Yes,8,1,57.88266666666667
1,69,Yes,9,8,45.745
5,49,No,6,5,32.925
7,58,Yes,6,2,49.82916666666666
8,62,No,6,8,58.11833333333334
1,43,No,6,4,16.581321428571428
8,58,No,5,1,50.472666666666676
4,66,No,4,5,47.95708333333334
6,73,No,8,7,62.021750000000004
1,95,No,8,6,71.485
9,77,Yes,9,1,75.49649999999998
6,46,Yes,9,7,36.697107142857135
3,65,No,4,4,43.605
4,48,No,5,1,30.22
2,55,Yes,6,7,31.685
8,93,No,7,2,87.235
7,49,Yes,7,3,39.285
4,47,Yes,5,1,29.84
5,87,No,5,3,71.69983333333333
8,65,No,6,5,59.29
3,54,Yes,6,3,34.082166666666666
6,77,No,6,8,66.58058333333334
3,62,Yes,9,0,43.595
4,62,Yes,4,6,44.19085714285714
4,78,No,8,3,64.19
5,92,No,7,2,77.735
7,52,No,6,5,43.46
6,83,Yes,4,7,70.71
3,48,No,5,1,25.729333333333333
2,66,Yes,6,3,40.44
5,68,No,4,8,53.98
1,76,No,8,5,50.85933333333333
3,90,Yes,7,7,70.925
3,46,Yes,4,2,25.18958333333333
9,72,No,7,1,67.555
5,77,No,7,4,62.94
4,89,Yes,7,8,73.42
8,44,No,6,5,37.845
2,99,Yes,9,5,80.215
1,99,Yes,4,6,74.173
9,93,No,7,5,91.66291666666666
8,91,No,5,8,86.40741666666666
9,96,Yes,4,3,94.33
1,61,No,8,3,34.958
3,73,Yes,5,0,50.77
2,45,Yes,4,5,20.19
4,41,Yes,8,2,23.5575
5,44,No,6,0,26.93
7,84,No,6,9,75.535
4,89,Yes,7,1,72.65875
7,51,Yes,6,7,42.139
1,40,Yes,8,9,14.847523809523812
5,83,No,5,0,67.445
1,83,No,8,0,58.125
1,86,Yes,5,9,60.875
2,41,No,8,8,18.08833333333333
8,88,No,5,8,83.06
6,77,No,6,4,66.23958333333334
5,87,Yes,9,2,73.135
9,65,Yes,4,8,63.585
1,94,Yes,9,3,68.3
5,56,Yes,5,2,40.765
1,99,Yes,4,6,74.173
5,62,Yes,7,2,46.4625
7,85,No,9,8,77.47
3,82,No,6,2,62.25
5,89,No,7,4,75.01
1,44,Yes,7,3,18.41
3,89,No,8,7,69.07
3,63,Yes,6,8,41.335499999999996
1,77,Yes,4,1,48.9725
1,42,Yes,8,4,16.69
3,80,No,7,3,59.379
8,88,No,9,2,82.08871428571427
2,81,No,6,1,58.395
9,50,Yes,9,9,49.13416666666666
5,81,No,6,5,66.85
9,86,Yes,6,9,84.725
9,88,Yes,5,4,85.095
3,76,Yes,5,9,54.905
7,79,Yes,9,4,72.79
1,99,No,7,5,74.14889285714284
9,98,No,6,7,95.29516666666666
4,40,Yes,6,5,23.66
3,75,Yes,5,8,55.42
9,44,No,5,1,38.31
5,59,No,5,1,41.56
3,76,Yes,5,6,55.575
4,87,Yes,5,1,68.61541666666666
5,40,Yes,7,8,26.80833333333333
5,70,No,7,4,55.2
9,90,No,5,8,86.655
2,44,Yes,6,4,18.455
6,40,Yes,4,0,24.45625
3,64,Yes,9,1,43.9075
1,43,Yes,7,4,16.981
4,91,No,9,5,76.40369047619048
4,45,No,6,8,28.745
6,95,No,8,7,86.51766666666667
7,85,Yes,9,4,76.3
3,72,Yes,8,3,53.62
8,54,No,6,6,47.03650000000002
7,75,No,8,6,67.04216666666667
1,53,Yes,8,5,28.39
3,95,Yes,4,2,76.545
1,53,Yes,6,2,26.305
9,42,Yes,8,0,38.29358333333334
5,89,Yes,6,7,73.5625
5,61,No,8,1,44.96066666666667
5,74,No,5,3,58.42
4,80,No,5,5,63.79333333333333
2,52,Yes,7,8,27.585
9,74,Yes,8,6,72.61399999999999
1,90,Yes,5,5,65.57154761904762
1,71,No,7,9,45.50416666666667
9,58,No,6,4,55.021238095238104
8,93,Yes,6,2,88.365
9,52,No,4,5,47.2125
9,64,No,6,1,58.1
2,42,No,8,9,20.875
6,59,Yes,4,1,47.66911904761905
1,71,Yes,9,6,45.655
5,87,No,9,7,73.765
7,89,No,9,4,84.005
6,52,Yes,6,6,39.505
3,67,Yes,8,6,48.24
5,60,No,9,0,46.73
5,99,No,7,5,87.06
3,66,No,9,7,46.06825
1,99,Yes,9,8,77.32125
1,99,Yes,9,3,74.865
2,68,No,7,1,44.32
1,59,No,4,8,33.09
5,91,Yes,4,8,75.63166666666667
7,54,Yes,4,5,42.689499999999995
2,95,No,9,7,75.20125
3,56,Yes,7,6,35.934666666666665
4,50,Yes,6,7,35.1875
6,44,Yes,7,3,31.88066666666667
1,65,No,8,2,37.71
5,47,No,4,9,31.33
5,95,No,9,1,82.495
2,80,Yes,5,0,54.09
3,95,Yes,5,1,76.375
7,75,No,8,1,67.13259523809523
8,55,Yes,5,9,51.33858333333333
3,75,Yes,5,7,55.92
5,53,No,8,8,39.29
5,95,Yes,8,1,81.2
9,84,Yes,8,8,83.805
9,72,No,7,6,69.465
6,55,Yes,6,6,42.82858333333333
8,45,No,4,8,39.01
3,42,No,9,3,23.34
8,51,Yes,6,8,47.02166666666667
2,72,No,9,1,48.155
8,70,No,8,3,64.9875
7,66,Yes,8,7,59.235
9,41,Yes,8,5,37.95333333333333
7,51,Yes,8,5,44.47333333333333
5,61,No,7,0,45.428833333333344
6,76,No,8,2,64.005
1,71,Yes,6,5,44.535
2,63,Yes,9,4,39.71
4,92,No,8,2,76.2575
6,82,No,4,6,70.825
6,57,No,9,2,46.06
4,66,No,8,6,47.8865
8,55,No,5,1,47.964333333333336
9,57,Yes,4,8,54.76500000000001
1,42,Yes,8,1,15.535
6,93,No,5,5,81.555
6,55,Yes,9,1,43.81591666666666
6,45,Yes,5,3,33.08
7,90,No,8,2,82.325
8,89,Yes,5,8,84.3375
7,53,No,9,1,44.125
8,86,Yes,5,9,82.255
5,87,Yes,6,7,73.045
6,44,No,9,8,33.311166666666665
1,71,Yes,6,6,44.29
6,92,Yes,9,4,81.9
3,45,Yes,7,4,22.90041666666667
3,64,Yes,4,7,43.13
4,48,No,9,4,32.55225
6,82,No,6,7,71.49
4,75,No,6,5,58.66708333333333
2,92,No,9,0,68.48
9,92,No,5,2,86.52083333333334
2,47,No,8,6,25.175
8,88,Yes,5,2,81.165
2,66,No,8,6,44.42
3,58,Yes,6,1,36.63
1,64,No,6,9,38.55
6,60,No,5,2,47.6375
8,63,Yes,9,5,62.14033333333334
9,63,No,9,3,60.25950000000001
3,99,No,9,0,80.2
5,58,Yes,4,5,41.6975
8,67,No,6,3,60.27
3,79,Yes,9,5,62.507666666666665
6,81,No,9,5,71.39466666666667
1,86,No,7,4,62.525
1,52,Yes,9,7,27.885
8,85,Yes,6,3,77.945
6,88,No,6,5,75.50566666666667
3,90,Yes,5,6,70.395
4,78,No,7,7,61.026666666666664
1,47,No,9,0,23.142976190476187
4,49,No,8,5,32.056333333333335
2,46,No,5,0,22.385
1,92,Yes,6,8,66.79833333333333
6,76,Yes,6,4,65.915
4,66,No,4,0,47.725
4,96,Yes,7,7,76.565
2,66,Yes,5,0,43.83
6,81,Yes,8,5,70.895
8,66,No,6,8,62.57
7,42,No,5,7,32.39
8,67,Yes,5,3,60.635
4,69,No,5,7,53.4025
8,93,No,9,0,89.162
7,68,No,9,6,60.62
9,52,No,5,9,49.2125
1,42,Yes,6,3,14.93
6,41,No,9,8,30.111666666666668
8,77,Yes,5,2,71.37
9,71,No,5,7,68.59083333333334
4,52,No,9,5,33.231321428571434
2,98,No,8,0,75.89
1,67,Yes,8,0,42.62
6,99,No,6,4,87.52083333333334
1,96,No,7,1,69.555
1,96,Yes,5,6,69.1125
1,87,No,6,6,61.61416666666666
1,59,Yes,7,9,32.87125
8,52,No,7,1,44.5625
3,86,No,4,8,67.52
2,83,Yes,4,5,60.13
1,53,Yes,7,5,27.98
2,91,Yes,7,7,68.05
7,49,No,9,1,39.789
7,64,Yes,6,7,55.42166666666667
3,89,Yes,9,2,70.09
8,81,No,5,2,74.165
7,65,No,5,9,55.18833333333333
6,75,No,7,7,64.105
5,55,Yes,6,8,40.78
7,87,No,8,6,81.565
5,99,No,6,3,83.52
1,46,No,6,6,20.605
5,90,No,8,2,76.58333333333334
4,40,Yes,8,4,24.72
4,74,No,7,3,56.9725
8,62,No,9,9,57.64333333333334
1,46,Yes,6,4,20.48
2,91,Yes,8,0,67.6275
8,75,Yes,7,4,71.24416666666666
2,59,No,5,6,38.005
9,63,Yes,8,1,59.21916666666666
5,88,No,7,3,73.74083333333333
6,78,Yes,5,1,65.476
2,77,No,7,9,55.515
5,76,Yes,6,5,62.64833333333333
5,51,Yes,7,1,37.32857142857143
9,56,No,4,4,52.56933333333333
5,46,No,4,6,29.725
2,77,Yes,6,9,54.95
6,42,No,6,8,29.236666666666665
5,70,Yes,9,0,58.02916666666666
4,82,Yes,7,4,64.09166666666667
6,68,No,6,3,55.67
6,93,No,6,2,80.27
5,81,Yes,4,0,64.425
4,78,No,9,6,64.74
3,93,No,8,4,74.265
4,92,No,4,5,75.045
8,76,Yes,5,4,71.80125
7,91,No,9,9,84.645
2,74,No,5,2,49.735
5,48,No,5,5,31.69
3,58,No,7,0,36.28
8,75,No,9,8,71.41
1,46,No,9,8,22.3
8,99,Yes,8,9,94.91833333333332
7,51,Yes,4,8,40.84583333333334
6,58,Yes,4,2,47.02
7,41,Yes,6,6,32.55
7,69,Yes,6,9,60.82
1,81,No,4,6,54.26
8,44,No,8,0,37.916
2,60,No,8,9,36.81
8,59,Yes,7,9,54.665
7,47,No,5,5,37.19375
8,51,No,8,4,44.753
1,60,Yes,4,3,31.675
4,69,Yes,7,6,53.31875
6,66,Yes,8,8,56.52726190476191
2,65,Yes,9,1,41.865
7,65,Yes,9,6,57.235
3,75,Yes,9,3,57.7725
2,79,No,6,3,56.185
2,98,Yes,6,3,73.31
7,89,No,5,1,79.545
1,50,Yes,7,6,24.4375
9,41,Yes,8,1,37.35625
8,40,Yes,6,7,31.48
9,83,No,9,7,82.855
4,93,Yes,4,0,74.61
2,69,No,8,0,45.605
2,74,No,5,1,49.08
5,97,Yes,7,3,83.225
5,45,No,5,6,30.155
9,82,No,7,3,78.67
9,43,Yes,8,8,42.53208333333334
8,84,No,5,8,76.495
4,49,Yes,7,0,30.9875
3,84,Yes,4,6,64.13583333333334
6,85,No,4,3,71.84333333333333
6,60,Yes,6,8,48.605
7,49,No,6,6,37.38
1,95,Yes,8,1,68.82
2,78,Yes,8,4,55.62066666666666
1,93,No,6,2,66.39766666666668
3,80,No,7,7,59.935
9,43,Yes,9,8,42.450583333333334
4,90,No,8,0,71.36710714285717
5,91,Yes,7,7,76.355
9,78,Yes,8,3,76.4075
3,47,Yes,4,7,27.126666666666665
9,67,No,4,4,61.235
8,94,Yes,5,7,87.33666666666666
8,73,No,4,9,67.77333333333334
2,65,Yes,7,4,41.475
8,76,No,9,3,69.28725
8,53,Yes,6,3,46.839833333333345
9,56,No,4,3,51.87
7,79,No,9,0,71.52
5,58,No,6,3,41.875
9,76,Yes,8,1,74.94125
5,41,No,7,2,26.535
2,49,No,6,3,24.747023809523807
6,74,No,8,9,62.785
7,63,No,6,1,52.095
9,56,Yes,5,4,53.03566666666668
2,79,No,8,5,56.37333333333333
6,41,Yes,4,7,26.316666666666666
4,45,No,5,4,24.615
4,60,Yes,8,2,43.04
1,94,Yes,4,7,67.84916666666668
1,68,No,6,8,41.25116071428572
6,46,No,6,2,35.1
3,72,Yes,9,2,53.31642857142857
6,87,No,7,1,74.256
2,92,Yes,5,9,69.175
2,63,Yes,6,7,41.18
4,65,No,4,4,46.36666666666667
1,86,No,5,4,60.824880952380944
7,99,Yes,8,8,93.735
4,41,No,7,4,23.89833333333333
3,60,Yes,8,1,38.93833333333333
3,53,No,6,5,33.068000000000005
1,81,Yes,6,7,56.29083333333334
2,83,Yes,9,1,61.585
8,58,No,6,6,53.243119047619054
5,84,Yes,6,8,70.625
2,52,Yes,8,9,28.71875
3,61,No,6,6,42.175
3,95,No,6,1,75.875
7,83,Yes,5,6,74.225
1,99,No,9,7,76.96325
9,74,Yes,7,9,72.01091666666666
1,53,Yes,9,5,29.695
6,52,Yes,7,5,40.54
6,86,No,7,2,74.04216666666667
1,53,No,5,0,25.36883333333334
2,90,No,8,1,66.604
9,75,Yes,6,7,71.91149999999999
6,40,Yes,4,9,26.231666666666666
2,92,Yes,7,4,68.88
8,50,Yes,4,5,45.39
3,66,No,8,8,45.7785
9,61,Yes,9,9,58.685
9,85,Yes,7,6,83.805
9,88,Yes,8,5,86.105
2,85,Yes,9,1,62.49833333333333
8,49,No,5,6,44.32666666666666
8,63,Yes,5,0,57.735
4,48,Yes,9,6,32.68833333333333
4,56,Yes,5,1,41.47833333333334
6,77,No,6,4,66.23958333333334
6,79,No,8,3,66.34049999999999
6,76,Yes,5,7,66.245
7,45,No,8,4,36.1525
9,60,Yes,9,7,57.275
3,75,No,8,1,56.625
4,75,No,9,9,59.525
8,64,No,5,7,59.33666666666667
7,50,No,7,7,40.37125
3,84,No,6,6,62.11
3,87,Yes,8,5,68.115
1,96,No,7,5,71.1
4,75,Yes,9,7,57.155
4,42,Yes,7,0,23.84
2,48,No,7,1,25.351666666666667
4,47,No,6,0,28.805
6,77,Yes,8,9,66.90016666666666
7,43,Yes,9,2,37.04
5,81,Yes,5,3,66.205
5,43,No,7,9,28.79
8,83,No,9,5,78.655
9,43,No,4,4,37.94
8,48,Yes,4,0,39.775
4,51,Yes,9,0,35.040749999999996
7,94,No,9,1,86.11
4,47,Yes,8,9,31.53
4,59,Yes,8,2,43.425
9,78,Yes,6,7,77.44833333333332
5,74,Yes,6,5,58.72583333333334
1,88,Yes,4,5,62.88333333333333
8,96,Yes,5,9,91.07
4,98,Yes,9,6,83.905
2,95,No,4,2,73.355
9,46,Yes,4,2,40.61
5,70,No,4,4,55.36125
4,57,Yes,9,4,41.01
7,53,No,6,8,43.111000000000004
3,78,Yes,6,9,58.59583333333334
5,98,Yes,8,7,83.86
3,76,Yes,9,8,58.495
5,48,No,9,3,36.69
8,59,No,4,9,52.452000000000005
9,96,No,6,8,95.27833333333334
2,67,Yes,7,2,43.975
7,92,No,9,1,84.885
6,66,Yes,6,3,54.69904761904761
4,47,No,8,6,30.61858333333333
7,96,Yes,7,2,87.655
8,71,No,9,6,68.18
5,48,Yes,7,7,33.01
6,69,No,9,7,59.44
7,40,Yes,4,8,31.155
1,44,No,8,6,17.66432142857143
8,74,Yes,5,6,67.9475
8,53,No,7,5,46.825
4,69,No,4,0,51.09
1,43,No,9,0,17.15
1,46,Yes,5,5,20.905
9,52,Yes,7,6,50.51664285714285
9,43,Yes,6,8,41.125
9,82,No,6,5,79.48
2,75,No,6,0,50.6
3,47,No,9,2,26.748
6,71,No,7,9,62.15
2,81,No,7,2,58.415
7,65,No,8,0,55.895
5,81,Yes,5,1,65.645
3,86,Yes,6,9,66.25
9,57,Yes,8,7,55.76516666666668
3,97,No,7,9,76.64
5,83,Yes,7,0,68.335
8,96,No,9,5,93.21666666666665
6,40,Yes,6,2,26.39166666666667
5,87,Yes,9,5,73.41
4,67,No,7,3,48.00833333333333
6,44,Yes,5,6,30.68641666666667
4,40,Yes,6,6,23.76
4,97,Yes,8,0,82.01
2,92,No,4,1,66.39583333333334
9,92,Yes,7,3,89.455
7,94,No,5,5,84.609
7,65,Yes,7,0,55.66
8,46,No,9,5,41.26
8,94,Yes,6,4,85.765
4,91,No,9,7,75.40369047619048
7,65,No,5,8,54.97333333333333
4,53,Yes,5,4,35.12
7,47,No,8,5,39.7825
1,67,No,4,6,41.29125
1,96,No,8,7,72.05
6,58,Yes,4,8,46.18166666666667
3,71,Yes,4,5,49.360083333333336
2,62,Yes,9,4,39.845
1,56,No,6,2,29.136999999999997
3,77,No,5,4,56.11516666666667
4,61,Yes,7,5,45.085
7,87,No,7,8,79.19
8,90,Yes,7,2,84.79666666666667
1,52,Yes,7,0,25.425
9,91,Yes,7,1,89.265
6,62,Yes,9,2,50.16916666666666
7,51,Yes,5,0,42.047666666666665
2,57,No,6,2,31.12416666666667
6,97,No,9,3,86.61316666666666
2,53,No,5,2,26.554249999999996
6,97,Yes,9,7,90.305
9,77,No,9,0,75.31683333333334
9,97,Yes,4,0,93.82
7,96,Yes,9,1,88.235
8,91,Yes,7,2,86.65549999999999
7,71,No,9,4,62.93
9,96,No,6,9,94.57166666666667
4,73,Yes,4,3,56.67125000000001
6,53,No,9,2,42.365
2,83,Yes,4,1,58.52
8,56,No,9,3,50.52
5,54,Yes,9,9,40.598333333333336
2,71,Yes,8,8,50.61
4,52,Yes,5,1,34.26
1,60,Yes,7,8,35.154583333333335
2,79,Yes,7,9,56.33433333333333
9,96,Yes,8,9,95.215
9,55,No,7,7,52.62547619047619
7,70,Yes,9,6,62.79
6,75,Yes,4,1,60.915
6,99,Yes,6,4,88.41666666666666
7,84,No,7,0,75.545
3,51,Yes,7,6,33.015
2,95,Yes,9,7,74.99958333333333
4,43,No,7,1,23.77075
9,67,Yes,7,1,63.215
4,81,No,7,5,64.83
3,49,No,9,5,30.51
2,80,Yes,7,2,56.015
9,88,No,5,6,84.455
3,41,No,6,5,19.457083333333337
3,67,No,4,3,45.62708333333334
1,92,Yes,4,6,64.7682142857143
4,50,No,5,6,34.41
6,98,No,8,2,87.60695238095236
7,41,Yes,6,8,33.365
4,80,Yes,9,8,66.08166666666666
7,73,Yes,4,2,64.23
5,92,Yes,4,6,78.2925
7,61,No,5,0,50.99
5,62,Yes,6,1,46.135
6,58,Yes,8,1,45.875
5,87,Yes,6,3,71.75
5,71,Yes,4,5,55.74625
4,86,No,7,3,68.8875
5,78,Yes,7,4,65.17824999999999
4,96,Yes,8,0,79.835
7,74,Yes,5,2,65.17816666666667
6,53,No,5,6,41.23208333333333
9,78,No,7,4,75.83833333333332
5,87,Yes,6,7,73.045
8,98,Yes,5,9,92.82383333333333
1,48,Yes,7,3,23.645
8,56,No,4,5,48.04999999999999
7,56,No,8,4,47.45249999999999
8,98,No,4,9,92.47666666666666
4,77,Yes,9,7,60.9
7,85,No,8,8,77.525
3,69,No,4,2,49.14975
5,66,Yes,4,7,52.126333333333335
2,55,Yes,6,5,32.46
1,62,Yes,7,3,36.255
9,61,No,4,8,57.235
2,66,No,4,3,41.59
5,41,No,4,8,25.1
2,65,No,7,2,40.775
6,67,Yes,5,2,56.295
5,58,Yes,7,2,43.54
2,59,No,7,5,37.73
7,69,No,5,3,61.51
4,42,No,6,0,23.225
4,85,No,5,3,67.46436904761904
1,78,No,8,0,53.26
9,67,Yes,7,4,63.655
2,90,No,6,0,66.26
5,96,No,7,7,81.85
6,59,Yes,7,9,47.73
5,73,Yes,7,5,59.210166666666666
4,97,No,7,7,79.315
8,73,No,4,1,66.48
7,92,No,6,4,84.41
8,59,No,9,0,53.44
5,94,Yes,8,9,80.61
7,58,No,8,6,49.41524999999999
2,84,Yes,8,0,60.055
6,43,Yes,6,8,30.638583333333337
2,94,Yes,5,2,71.21
8,86,Yes,8,8,83.01
3,72,No,6,5,53.99
5,41,Yes,9,6,29.26
4,81,No,7,9,65.93
4,64,Yes,9,8,49.3275
6,54,Yes,8,7,44.99108333333333
3,63,No,6,1,42.06
6,70,No,7,7,59.72
7,45,Yes,7,2,35.155
4,57,Yes,7,2,42.4
4,90,Yes,9,8,72.96
7,55,Yes,7,1,45.450500000000005
4,66,No,8,0,47.68375
8,85,No,6,9,80.44
2,49,No,4,8,25.10833333333333
5,62,No,6,9,47.79408333333334
4,52,No,4,1,33.09
2,61,Yes,9,9,40.22
9,62,Yes,7,5,60.9
1,74,No,4,1,46.535
1,42,Yes,9,7,16.755
6,41,Yes,6,0,27.385
1,88,No,5,9,61.89499999999999
3,71,Yes,5,9,49.82
5,72,No,7,0,56.5825
5,55,Yes,4,9,39.8525
4,95,Yes,9,5,76.665
3,95,Yes,4,9,77.11
1,41,Yes,8,8,16.29752380952381
8,53,No,8,2,47.327749999999995
4,95,No,9,6,76.595
9,94,Yes,7,5,93.14035714285716
7,69,Yes,5,8,60.845
6,59,Yes,4,5,47.56428571428572
6,95,No,6,9,83.185
9,70,Yes,8,2,67.515
8,46,No,9,0,39.919000000000004
4,94,Yes,8,3,76.821
7,52,No,4,4,42.86333333333333
7,89,Yes,4,5,80.395
8,95,Yes,9,6,92.54416666666665
5,91,No,9,4,77.9375
5,43,Yes,7,0,27.425
7,54,Yes,7,1,42.605
3,91,Yes,8,5,72.589
9,47,No,5,2,42.27
2,93,No,6,4,69.49600000000001
7,48,No,9,1,40.176678571428575
6,96,Yes,5,9,85.14666666666666
7,74,Yes,8,7,66.61250000000001
1,91,No,6,1,62.82794047619049
7,58,Yes,6,4,50.07666666666666
6,87,Yes,6,1,73.4825
6,91,No,6,2,80.32
1,40,No,9,6,15.76
6,90,No,5,4,78.99
4,79,No,4,4,59.93083333333333
2,93,Yes,4,2,68.345
3,43,Yes,5,5,23.505
9,57,No,7,9,54.62
2,60,No,8,2,35.50633333333333
5,40,No,4,5,24.788333333333334
3,75,No,6,5,55.79
8,47,No,4,9,41.061190476190475
8,66,No,6,9,62.675
2,58,No,6,9,35.16208333333333
8,91,No,7,1,86.068
5,80,Yes,5,6,65.715
4,50,Yes,7,3,33.37
7,60,No,7,8,54.122
6,46,Yes,9,5,36.28266666666666
3,62,No,5,6,41.805
9,76,Yes,8,1,74.94125
2,72,Yes,8,4,49.57
9,54,Yes,5,7,50.015
2,42,Yes,9,4,19.38
8,92,No,6,7,86.17916666666667
6,41,No,8,8,28.808833333333332
3,80,Yes,7,0,59.23199999999999
3,40,Yes,9,9,19.05
9,47,Yes,7,1,45.97
6,86,Yes,7,9,74.575
5,74,Yes,7,1,59.17450000000001
1,99,No,7,3,73.76755952380951
4,84,No,5,3,64.7
2,83,No,7,6,60.59
4,83,Yes,5,4,65.115
7,83,Yes,9,5,77.18
6,45,No,4,5,32.27
5,64,No,6,5,48.785
3,70,Yes,8,3,48.62733333333333
7,80,Yes,9,5,74.045
9,41,Yes,5,7,35.373333333333335
2,60,Yes,9,4,37.169285714285714
6,92,Yes,9,7,81.45
7,83,Yes,4,2,73.435
8,73,Yes,4,6,68.445
6,99,Yes,5,3,87.4653333333333
4,48,No,4,7,29.96
3,95,Yes,5,4,76.985
3,69,Yes,4,1,47.58375
4,61,No,6,0,43.015
9,50,No,7,8,46.015
6,52,Yes,8,9,41.975
3,55,No,9,4,36.135
3,40,Yes,8,0,18.535
9,50,Yes,7,5,48.2975
7,83,Yes,9,8,76.955
3,80,No,5,9,59.39666666666667
3,67,Yes,9,0,47.645
8,81,Yes,9,3,74.50125
9,40,Yes,8,9,38.3925
9,67,No,4,9,63.385
7,97,Yes,7,9,91.495
2,94,No,8,0,72.335
5,56,No,9,5,42.555
5,65,Yes,9,9,52.62875
5,59,Yes,9,0,43.745
5,52,No,7,9,37.739000000000004
9,45,No,5,8,42.20916666666666
1,62,No,7,1,35.64333333333333
6,41,Yes,8,4,27.465
4,56,Yes,7,3,39.939166666666665
6,71,No,8,6,59.935
2,42,No,7,9,20.86
9,41,Yes,5,5,37.18166666666667
8,80,Yes,4,5,72.035
7,57,Yes,7,7,49.56166666666667
6,83,Yes,6,3,70.6275
2,65,No,9,9,42.08
6,51,Yes,4,0,37.795
9,60,Yes,9,3,56.065
1,87,Yes,4,4,60.96416666666667
1,47,Yes,8,8,23.28
1,62,No,8,9,38.32
7,52,No,5,8,42.54958333333333
5,93,No,7,1,78.34
5,92,No,8,6,78.52
1,88,No,6,8,62.184
6,53,Yes,7,1,40.27
9,55,Yes,7,5,53.249583333333334
1,78,No,4,6,52.833
7,71,Yes,4,7,61.865
1,57,No,8,0,30.42083333333333
8,69,Yes,4,5,62.01
8,97,No,9,6,94.29499999999999
5,58,No,8,2,43.68
7,86,No,6,4,77.225
2,45,Yes,8,5,21.608333333333334
2,59,Yes,5,6,38.085
2,77,No,7,5,54.42333333333333
5,97,Yes,5,3,83.115
8,80,No,8,2,74.4825
1,97,Yes,8,7,72.945
9,63,No,8,9,60.663250000000005
3,65,No,8,3,43.125
3,53,Yes,9,8,33.52166666666667
9,87,No,4,3,83.57
5,98,Yes,4,6,83.455
6,79,No,6,9,67.55733333333332
1,42,No,4,2,12.195
5,77,No,4,0,62.66
6,95,No,5,5,84.13
4,79,Yes,6,4,62.79
7,72,Yes,4,2,63.55
9,53,Yes,6,9,51.29066666666667
9,99,Yes,8,8,97.56
4,67,No,5,6,48.49358333333333
2,54,Yes,7,6,31.805
8,53,Yes,4,3,45.6985
3,65,No,9,1,43.405
1,41,Yes,5,5,16.765
5,49,No,7,4,32.95
5,60,Yes,4,0,43.68124999999999
8,99,No,9,3,94.22916666666666
3,83,Yes,6,3,62.24916666666667
5,92,No,9,1,79.19666666666667
5,47,No,7,9,33.63
3,83,No,6,2,64.44
7,91,No,8,7,85.005
9,80,Yes,6,4,76.925
4,63,Yes,9,9,49.2925
1,79,No,7,4,54.515
5,95,Yes,7,2,81.655
6,96,Yes,5,6,84.08333333333331
3,98,Yes,7,7,77.46
2,73,Yes,6,6,50.675
3,50,No,4,1,27.501666666666665
5,57,Yes,5,3,40.59
3,82,Yes,4,3,63.02
1,57,Yes,7,8,32.83583333333333
3,52,No,7,4,32.86
8,40,Yes,6,0,30.6
9,43,Yes,6,6,42.065
8,67,No,4,1,59.765
5,65,No,5,4,49.409000000000006
1,62,Yes,7,6,38.11083333333333
2,78,No,9,3,57.68
6,77,Yes,7,0,66.735
6,74,No,5,4,60.985
7,69,Yes,5,1,59.715
5,92,No,5,8,77.97
8,77,No,4,2,69.5075
4,68,Yes,5,5,50.305
9,91,No,5,8,88.37475
7,43,Yes,7,0,34.55
6,98,No,8,0,87.44695238095237
8,55,Yes,9,3,50.0325
7,64,Yes,7,8,56.415
3,50,No,7,0,28.075
2,95,No,5,8,72.13
8,75,No,8,3,69.506
5,47,Yes,4,5,30.55
5,85,Yes,8,5,72.605
2,80,No,6,0,54.56
3,61,Yes,8,1,43.005
3,90,No,6,5,71.02
8,49,Yes,4,3,42.245
3,73,No,5,5,52.0695
1,85,Yes,9,5,62.07233333333333
5,68,No,5,6,54.75
8,84,Yes,6,9,79.2
3,48,Yes,5,3,24.49833333333333
8,78,No,7,0,70.72153571428572
4,94,Yes,4,5,75.748
2,71,Yes,9,9,49.205
1,89,Yes,5,5,65.76583333333333
6,95,No,5,6,84.62
8,90,No,5,4,82.652
8,56,Yes,9,9,51.045
7,58,No,8,8,49.268166666666666
5,91,No,4,4,75.38166666666667
7,96,Yes,6,3,86.93
5,82,Yes,4,6,69.85
9,69,Yes,5,9,66.39
4,81,Yes,8,1,62.6075
8,51,Yes,4,9,45.87166666666667
4,52,No,5,3,32.6
5,91,No,4,4,75.38166666666667
6,59,No,9,0,48.52666666666667
7,76,Yes,7,7,68.09416666666667
9,98,Yes,4,8,97.505
5,60,No,9,2,43.39
4,64,No,8,6,46.89
2,65,Yes,8,1,41.58
5,40,Yes,8,9,27.685
9,83,No,8,9,84.66
8,45,Yes,9,7,40.87
7,67,Yes,8,6,60.8675
7,84,No,6,0,73.655
4,69,No,8,5,55.1875
3,57,No,6,3,35.53
5,66,No,6,8,51.16141666666667
2,60,Yes,6,5,38.37166666666667
3,99,No,8,8,80.33
7,79,Yes,9,6,72.865
9,54,Yes,4,4,49.415
5,91,No,6,3,76.13833333333334
1,57,No,8,3,30.9225
7,94,Yes,4,2,84.12833333333334
2,76,Yes,9,8,53.15233333333334
9,99,Yes,5,7,97.21591666666667
2,91,No,8,2,66.889
6,59,No,9,5,48.76333333333334
8,40,No,4,3,29.26
1,60,No,9,5,36.18
4,62,No,7,1,43.91666666666667
3,93,Yes,9,5,73.8125
5,58,Yes,8,8,46.88
1,67,No,9,3,39.575
6,70,No,8,5,58.495
1,70,No,9,4,45.04
8,61,No,8,9,55.935
6,84,Yes,4,5,70.87
9,48,Yes,9,3,44.79
2,91,No,9,2,67.1975
5,48,Yes,7,0,32.155
9,55,No,7,2,52.331428571428575
1,71,No,7,7,44.8525
4,53,No,8,9,37.28
7,47,No,8,7,40.765
8,85,Yes,6,8,81.325
1,82,No,8,7,59.595
7,95,Yes,5,6,87.26700000000001
9,67,No,5,9,63.675
8,85,No,7,2,77.545
6,87,No,5,3,72.49166666666666
8,59,Yes,4,7,53.58666666666667
9,72,No,9,0,69.1
8,41,Yes,5,1,32.93
9,56,No,7,9,54.71
7,91,No,4,3,82.215
8,76,Yes,4,6,71.425
6,56,Yes,6,4,43.765
1,77,No,4,4,49.70883333333333
7,74,Yes,6,7,65.51933333333335
9,86,No,6,6,83.84
1,74,Yes,7,4,46.895
4,97,No,5,9,79.725
6,96,No,9,1,86.46333333333332
8,48,No,9,6,41.165
1,67,Yes,8,5,42.4275
4,75,No,8,6,57.435
9,97,No,6,6,95.06166666666668
1,84,No,9,6,58.86
6,89,Yes,5,2,78.01733333333334
6,89,Yes,8,8,79.765
2,73,Yes,4,8,49.365
6,70,Yes,7,6,57.43
6,87,Yes,9,2,74.6225
4,68,Yes,9,7,51.58
8,58,No,5,3,52.241773809523814
9,66,Yes,4,7,63.865
7,67,No,8,0,59.52366666666667
6,63,Yes,6,2,50.64541666666667
1,74,Yes,6,5,47.455
5,43,No,6,0,27.26
1,46,No,8,8,20.289
2,61,No,4,8,39.515
6,61,Yes,4,3,49.495
6,93,No,8,9,85.18166666666667
4,95,Yes,8,3,79.991
8,76,No,5,8,70.15125
2,55,No,5,7,30.80666666666667
5,67,No,8,0,52.54
3,82,No,5,8,62.12
1,40,No,9,2,15.095
3,47,No,7,4,26.82111111111111
4,96,No,7,3,77.775
4,58,No,4,9,39.45
5,89,No,9,7,74.95
4,44,Yes,6,8,28.78
1,98,Yes,5,2,72.72833333333332
2,73,Yes,8,7,50.98
6,91,Yes,4,3,78.61
9,54,Yes,9,2,51.34833333333333
4,81,Yes,6,3,63.955
7,56,Yes,8,2,48.26000000000001
7,92,Yes,8,4,84.675
4,46,No,7,4,26.715
1,66,Yes,4,2,41.045
8,68,No,8,7,64.405
2,46,No,9,1,23.368333333333336
8,82,No,8,3,77.48
2,58,Yes,5,9,34.75
5,79,No,4,3,64.76050000000001
4,45,Yes,7,0,27.5475
7,64,Yes,8,6,57.36
9,79,Yes,8,9,79.425
6,61,No,7,4,47.76566666666667
5,56,No,8,2,42.595
8,61,Yes,6,6,55.715
7,73,Yes,9,5,65.375
7,47,No,7,6,39.775
5,84,Yes,9,8,72.36
3,63,Yes,5,2,40.55
4,99,No,8,4,83.7
9,66,No,8,5,64.25
2,78,Yes,8,0,55.99666666666666
6,71,Yes,8,7,61.02
4,67,Yes,4,8,48.73874999999999
8,67,Yes,5,4,60.335
5,65,No,7,2,50.05166666666666
7,42,Yes,6,3,33.4
2,40,Yes,6,8,16.245
9,44,No,5,8,39.281666666666666
4,78,No,7,5,61.505
5,74,Yes,5,9,60.005
5,88,Yes,8,5,73.205
6,55,Yes,4,7,42.00900000000001
7,65,No,9,7,56.69833333333333
9,64,Yes,9,5,63.56616666666666
9,86,No,5,2,82.79
9,54,No,8,0,50.72283333333334
1,49,Yes,8,6,24.73
1,40,Yes,7,6,13.82
7,73,No,4,0,65.89
8,62,No,9,8,57.63333333333334
3,82,No,5,6,60.6
9,64,No,4,3,60.165
3,52,Yes,8,6,34.0425
4,72,Yes,7,0,56.515
4,81,No,4,1,60.85416666666667
7,71,Yes,5,0,61.58
3,79,Yes,6,0,58.34566666666666
8,83,No,4,1,75.195
3,80,No,8,7,60.385
3,81,No,5,8,59.92
2,49,Yes,6,7,25.79
1,68,No,8,3,40.74
5,56,No,7,8,41.345
6,65,No,4,3,51.8175
6,60,Yes,7,5,48.865
8,56,Yes,6,7,51.135
2,79,Yes,6,2,55.455
5,79,Yes,9,1,64.50875
7,88,Yes,6,0,79.185
8,41,Yes,6,8,33.295
4,98,Yes,9,4,83.74
9,87,No,7,3,86.47
6,51,No,5,2,37.19
1,55,Yes,7,1,28.16916666666667
6,42,No,8,6,27.836666666666666
6,97,No,5,4,84.77833333333334
2,60,No,4,9,36.975
2,61,No,5,1,38.315
6,68,Yes,4,5,56.425
3,48,Yes,7,0,25.468000000000004
9,92,Yes,4,2,88.70916666666666
1,93,No,8,5,67.95714285714284
8,65,Yes,8,4,59.39833333333334
4,45,No,9,1,27.862333333333325
9,87,No,7,7,84.265
1,50,No,4,6,22.6
1,49,No,5,7,24.495
4,86,No,4,2,67.26708333333333
9,73,No,7,0,68.44166666666666
4,70,Yes,9,2,54.7975
3,51,Yes,9,2,31.885
1,90,No,5,6,63.643214285714286
4,83,No,4,9,65.0
9,55,No,8,8,53.783
6,42,No,9,7,30.340833333333336
3,97,No,9,0,77.9225
4,64,No,7,1,44.65
5,74,No,8,4,62.055
9,74,Yes,6,5,71.52766666666666
4,61,No,6,4,43.970523809523804
9,76,Yes,5,2,71.62166666666667
9,74,No,4,8,70.48
4,84,No,9,7,66.33
1,59,Yes,6,0,32.11
5,81,No,4,4,66.575
4,43,No,6,7,24.773000000000003
8,97,Yes,6,3,92.4175
3,55,Yes,5,2,35.28
2,43,Yes,7,8,21.02875
3,77,Yes,6,1,56.63
8,54,No,4,4,47.79608333333333
1,76,No,7,3,51.189666666666675
7,55,No,7,3,44.41
6,86,No,9,5,74.05
5,46,Yes,7,9,32.34
8,73,Yes,4,7,68.15
2,40,No,8,1,18.21
5,71,No,8,0,56.25
2,97,No,4,4,73.56
9,44,Yes,9,7,40.75333333333334
4,69,No,7,2,52.034
6,55,No,8,3,43.41616666666666
3,41,No,5,8,19.02166666666667
6,80,Yes,5,5,68.71074999999999
5,50,Yes,8,3,35.2775
1,79,No,7,4,54.515
2,68,Yes,7,9,45.805
5,54,Yes,6,8,38.75
7,95,No,9,6,85.015
5,51,Yes,8,8,37.395
4,64,Yes,9,4,47.46
1,71,Yes,8,1,46.05
7,57,Yes,8,6,48.9975
6,46,No,4,7,34.055
9,84,No,7,4,81.21
4,45,Yes,4,8,27.77
7,53,No,6,6,43.07341666666666
1,43,No,7,7,17.6204880952381
6,55,No,8,6,43.93999999999999
3,90,Yes,4,5,70.18
4,58,Yes,7,1,43.54
9,43,No,7,4,40.28625
1,90,No,4,6,62.237797619047626
2,80,Yes,4,1,54.96
2,88,No,4,8,66.73666666666666
3,49,No,4,1,26.363999999999997
8,54,Yes,5,4,48.734000000000016
7,43,Yes,4,1,32.465
9,50,No,9,3,46.80583333333333
9,50,No,6,5,47.05166666666667
9,47,No,8,9,45.82408333333333
3,90,Yes,8,6,70.81649999999999
3,83,No,8,0,63.84
6,83,Yes,4,7,70.71
2,89,No,9,0,67.01
3,53,Yes,8,1,32.68
8,41,Yes,9,1,34.84725
2,81,No,9,2,58.47
3,75,Yes,9,4,58.1525
3,59,No,4,2,38.2
4,98,No,5,1,78.79
9,45,Yes,6,8,43.17925
8,87,Yes,8,4,84.36
5,75,No,7,5,59.33283333333334
4,84,No,4,6,66.73
1,81,Yes,4,9,56.64
6,74,Yes,8,1,62.579750000000004
2,67,No,5,5,42.075
7,67,No,9,3,60.3715
1,50,Yes,8,5,24.7475
6,75,No,7,7,64.105
7,41,Yes,4,2,32.79
6,59,No,5,9,47.16466666666666
8,41,No,9,1,34.736999999999995
4,50,Yes,6,9,35.3
1,71,No,7,8,45.3875
6,94,No,6,5,81.59
3,61,Yes,8,7,43.5125
8,56,No,7,4,48.7125
8,75,No,8,9,71.0125
1,91,Yes,9,7,66.415
4,53,No,7,1,34.195
3,97,Yes,4,2,76.855
3,48,No,6,9,28.06083333333333
5,51,Yes,7,1,37.32857142857143
6,95,Yes,6,7,82.605
6,43,No,7,1,29.695
4,96,Yes,8,9,79.89
7,64,Yes,9,0,56.78575
5,44,Yes,9,2,30.8425
3,46,Yes,7,4,25.35286111111111
5,78,Yes,8,3,64.60708333333334
4,98,Yes,4,9,79.585
9,81,Yes,9,5,78.9
2,58,Yes,6,1,35.76833333333334
7,82,Yes,6,9,73.945
7,42,No,8,3,34.905
9,57,No,4,4,54.03116666666668
6,59,No,8,2,47.55166666666667
3,68,No,6,6,48.27
2,94,No,7,5,72.293
8,62,Yes,8,3,58.0425
6,70,No,5,7,59.49
6,60,No,7,3,46.405
4,41,No,4,9,23.285
6,43,No,8,6,29.75333333333333
6,96,Yes,6,4,82.07333333333332
8,46,No,6,0,39.4615
1,58,No,4,6,32.665
4,83,Yes,7,7,64.85
4,40,No,5,4,22.445
7,58,Yes,4,1,49.13
8,84,No,7,3,77.045
4,53,No,6,7,36.12
7,83,Yes,5,5,73.835
2,78,Yes,8,2,57.28333333333333
7,96,Yes,8,2,87.46
2,83,Yes,6,0,59.53
2,40,No,9,2,17.87
4,71,No,9,7,56.42
5,47,Yes,8,7,33.86
3,57,Yes,7,2,35.72
5,84,Yes,4,7,70.63
9,68,No,9,3,64.81
8,71,Yes,8,7,65.72033333333333
7,87,Yes,9,7,81.455
8,97,Yes,5,7,91.04333333333332
8,49,No,9,8,44.455
5,73,Yes,9,3,61.65449999999999
4,56,Yes,9,9,40.550666666666665
8,67,Yes,5,9,61.735
7,77,No,9,8,69.37878571428571
8,89,No,5,3,83.152
1,94,Yes,5,1,67.3325
7,41,No,6,5,31.24
7,88,No,7,6,81.635
8,60,No,7,9,54.74333333333333
2,43,Yes,4,0,17.85
9,83,Yes,4,8,82.695
3,73,No,6,7,54.56
8,48,No,9,3,40.945
4,46,No,9,1,29.873333333333335
5,69,Yes,9,7,57.195
6,83,Yes,6,6,71.645
9,54,Yes,6,7,51.47666666666667
2,95,Yes,9,6,74.90458333333333
7,84,No,4,3,73.015
1,92,Yes,6,7,66.58488095238094
3,58,No,4,7,35.841833333333334
4,79,No,6,6,63.6075
6,80,Yes,9,1,71.64833333333333
3,54,No,5,0,30.945
8,85,Yes,8,9,82.385
9,90,Yes,4,9,89.265
9,94,Yes,6,9,93.09952380952382
7,74,Yes,8,2,65.98133333333334
4,42,No,8,9,26.31416666666667
8,49,Yes,6,3,41.955
8,51,Yes,9,0,43.84208333333334
1,52,No,9,1,27.3075
9,63,No,4,8,58.86833333333334
2,96,No,9,3,74.64875
2,55,No,4,7,31.22116666666667
1,71,Yes,4,1,44.395
2,76,No,7,1,52.97
2,95,Yes,7,5,72.865
7,86,No,6,0,76.7
1,51,No,8,3,23.93
4,99,No,4,9,81.16
9,40,No,8,2,37.23
2,61,Yes,7,6,38.83
8,81,Yes,5,0,73.34
1,45,Yes,4,5,17.745
8,59,No,5,3,53.3675
3,60,No,7,7,40.06
6,45,Yes,8,3,36.48
6,67,No,5,4,54.88
3,88,No,9,0,67.565
5,90,No,8,0,76.51833333333335
3,80,Yes,8,0,60.087999999999994
8,83,Yes,6,6,77.91
6,58,Yes,9,3,49.21
5,71,No,5,5,55.37125
4,84,No,8,8,65.7055
9,88,No,6,7,84.26
7,87,Yes,4,7,78.21
3,62,No,5,2,41.595
2,71,Yes,4,2,47.92
2,53,Yes,6,8,28.271666666666665
6,60,No,6,3,46.78
2,40,Yes,5,6,16.385
8,94,No,9,1,89.66
8,91,No,6,9,86.91658333333334
3,50,No,5,8,29.9825
7,75,Yes,4,1,66.49442857142857
7,93,Yes,6,3,85.59083333333334
1,65,No,4,5,38.2925
6,47,Yes,8,4,34.87166666666666
3,58,No,8,1,38.36
4,69,No,5,7,53.4025
1,97,Yes,6,4,72.91166666666666
5,67,No,9,9,52.73666666666666
4,92,No,4,8,75.69
7,57,No,9,3,49.41208333333334
5,85,No,6,1,72.05
1,55,No,5,4,28.878999999999998
6,57,Yes,6,7,45.32
7,94,No,4,0,82.67
9,56,No,5,7,51.72675
6,89,Yes,8,4,80.14349999999999
5,70,No,8,2,55.44
1,56,No,4,9,30.587999999999994
6,97,Yes,8,1,87.63
1,84,No,6,8,59.83
6,47,No,9,5,35.51566666666667
6,77,Yes,4,2,64.04916666666666
6,62,Yes,8,5,49.4925
8,71,No,9,1,65.34
5,88,No,6,6,73.135
3,78,No,8,2,60.83
6,84,Yes,8,4,74.23
1,42,No,8,9,16.546666666666667
1,52,No,7,6,25.595
8,85,Yes,6,1,78.67
8,45,No,5,6,39.57
1,86,Yes,5,4,61.45
4,92,Yes,4,7,75.68
8,46,No,6,0,39.4615
4,69,Yes,5,1,52.794083333333326
2,60,Yes,5,9,38.06
2,44,No,4,1,17.395
7,90,No,4,8,82.44
2,69,Yes,5,7,46.272
5,75,No,9,3,62.39
5,94,No,8,3,80.13
7,52,Yes,8,6,46.04416666666667
5,53,No,9,5,40.09
6,76,Yes,9,9,67.60216666666666
8,52,No,6,2,44.82083333333333
9,97,Yes,9,3,95.015
4,83,No,4,1,65.17
6,46,Yes,4,5,34.965
8,87,Yes,4,5,80.5
8,46,Yes,8,7,42.33
6,89,Yes,6,5,78.47825
6,59,Yes,7,4,47.75
3,77,No,7,3,57.305
9,79,Yes,8,6,79.71
7,71,No,5,5,62.125
1,78,No,9,9,53.485
4,61,Yes,4,0,42.425
7,90,Yes,7,2,81.78
9,41,Yes,5,2,37.49166666666667
7,92,No,4,7,83.68928571428573
9,82,No,5,8,81.09
3,62,No,4,6,41.665
7,93,No,9,0,85.87
9,53,No,6,7,51.16566666666667
6,75,No,4,2,61.505
2,89,No,4,7,65.26917857142857
4,81,Yes,5,4,62.3225
2,67,No,9,6,45.17
4,55,Yes,5,8,38.05133333333334
5,54,No,8,6,41.08333333333334
3,79,Yes,9,2,60.608999999999995
7,89,No,4,6,79.9
4,70,Yes,9,1,54.9925
6,42,Yes,6,8,30.225
4,87,Yes,9,2,72.055
9,72,Yes,5,2,67.665
6,65,No,8,1,53.27
2,55,Yes,6,3,30.662000000000003
4,55,Yes,5,5,36.44416666666667
7,59,No,9,4,50.677
4,93,No,6,5,74.19
2,40,Yes,4,8,14.944666666666665
8,81,No,4,3,73.64
7,43,No,4,2,32.175
5,54,No,8,8,40.05833333333334
8,90,Yes,7,7,87.925
7,47,No,8,1,39.42167857142857
4,99,No,6,8,81.095
1,66,No,8,2,41.305
1,70,Yes,8,9,46.685
2,69,No,5,4,45.61600000000001
2,54,No,8,8,32.83
8,40,No,9,8,34.17066666666667
1,92,Yes,6,7,66.58488095238094
6,55,Yes,4,4,42.78933333333333
6,77,Yes,8,4,66.98690476190477
9,49,No,9,3,45.04625
2,76,Yes,5,6,53.95
9,51,Yes,4,7,47.535
2,59,No,6,5,37.98
8,88,No,5,7,81.785
7,91,No,5,1,81.62
1,83,Yes,7,6,57.40583333333334
3,41,Yes,4,1,17.45
6,56,No,4,9,43.785
2,64,No,4,0,39.885
8,75,No,4,9,70.3325
6,70,No,4,9,60.485
4,51,No,5,9,34.45
1,62,No,5,5,34.664500000000004
3,78,No,4,2,55.29333333333334
6,54,Yes,5,5,41.25783333333333
2,76,No,9,5,54.915
5,97,Yes,7,5,83.475
4,44,Yes,6,9,28.35
7,78,No,8,5,68.125
3,59,Yes,8,9,39.98
1,49,Yes,4,5,21.625
8,63,Yes,4,8,59.07750000000001
9,56,Yes,8,3,53.99983333333333
6,84,No,9,5,74.815
9,63,Yes,5,9,58.05
9,82,No,7,6,79.355
4,60,Yes,8,4,43.67
7,54,Yes,7,7,46.091583333333325
6,60,Yes,6,2,48.2675
5,41,Yes,5,7,25.925
3,43,No,6,8,22.365
3,99,Yes,6,8,79.125
5,99,Yes,8,9,87.63
4,80,No,9,0,62.985
7,84,No,6,3,73.78
4,57,Yes,8,1,42.3
6,64,No,7,1,53.283
6,93,Yes,5,7,82.7
4,87,No,8,8,70.94225
6,93,Yes,5,9,82.735
7,73,No,8,3,64.305
8,56,No,7,0,48.259750000000004
3,63,Yes,6,5,41.255
6,42,Yes,8,5,28.822
4,54,Yes,9,7,37.907333333333334
1,89,Yes,8,5,65.475
4,78,Yes,9,2,63.6025
8,76,Yes,5,4,71.80125
7,91,No,9,2,84.415
9,43,Yes,4,6,40.001666666666665
9,70,No,4,7,67.42
9,72,Yes,7,5,68.57383333333333
6,78,Yes,5,6,67.50508333333333
4,48,Yes,4,3,30.61
1,67,Yes,4,6,41.36125
6,70,No,7,1,58.725
7,92,No,9,7,85.9925
7,62,Yes,4,9,54.316
6,55,Yes,6,4,43.685583333333334
1,87,Yes,7,5,63.215
4,67,Yes,6,1,49.735
8,80,Yes,9,7,73.81783333333333
3,99,No,5,1,78.605
6,52,No,6,4,41.38
6,84,Yes,4,7,71.22
4,92,No,8,8,76.43
1,95,No,6,9,71.63
5,70,Yes,8,0,57.51
4,74,Yes,4,9,58.50083333333333
1,69,Yes,7,2,46.25
8,92,Yes,4,5,86.28483333333334
2,89,No,8,1,66.439
9,87,No,5,9,83.89
2,82,Yes,6,6,59.535
3,49,No,4,7,27.775833333333335
4,80,No,5,0,63.93083333333333
5,51,No,7,1,36.05907142857143
2,60,Yes,9,1,36.016999999999996
2,88,No,8,8,68.25375
6,75,No,8,9,64.94
5,72,No,7,3,56.52916666666666
5,98,Yes,6,2,83.12
7,62,Yes,8,4,54.38616666666667
9,82,No,8,8,81.175
5,41,Yes,4,8,25.04
6,99,Yes,5,6,89.005
3,78,Yes,5,5,58.72866666666665
1,76,No,9,7,51.76500000000001
6,87,Yes,4,2,73.20933333333332
7,40,No,6,1,32.16
9,57,Yes,8,3,54.30107142857142
5,97,No,9,4,84.745
5,59,Yes,9,0,43.745
3,73,No,8,6,54.79271428571428
3,81,No,6,2,59.02
4,63,No,9,3,45.585
5,94,Yes,4,0,79.51
7,75,Yes,8,4,68.57400000000001
3,46,No,4,9,24.9675
9,49,No,7,5,47.05933333333333
7,40,Yes,8,6,32.935
2,89,Yes,5,5,65.82833333333333
9,84,No,9,3,83.355
4,91,Yes,8,9,75.06333333333333
7,87,Yes,7,9,80.465
9,92,Yes,9,5,90.87
9,71,No,7,5,68.24833333333333
4,60,Yes,7,8,44.45666666666667
4,80,No,7,8,67.325
4,81,No,8,1,62.515
2,40,Yes,5,9,16.105333333333334
2,83,Yes,8,4,62.18
2,94,No,6,0,71.78
2,86,Yes,6,2,63.505
7,97,No,7,7,90.265
3,70,Yes,7,1,48.57499999999999
7,74,Yes,9,4,67.1495
7,96,No,9,6,87.245
6,89,No,5,5,77.0725
8,44,No,8,2,39.46225
7,89,Yes,5,7,81.57
8,75,Yes,8,2,69.0875
7,66,No,4,5,57.31
1,54,No,7,7,29.18083333333333
7,44,No,5,2,33.02
3,91,No,7,7,73.985
7,50,Yes,5,0,40.815
7,45,No,7,5,35.62
3,86,Yes,9,0,66.04166666666666
2,98,No,8,8,77.22399999999999
6,66,No,9,8,56.23422619047619
1,90,No,7,7,64.8
6,69,No,5,5,58.825
1,74,No,4,0,46.59
2,81,No,9,4,59.465
9,76,Yes,6,5,73.03441666666667
9,71,Yes,5,0,66.72
6,74,Yes,8,6,62.1225
3,71,No,4,5,49.64008333333333
8,62,No,4,3,56.281666666666666
2,72,Yes,9,8,49.655
1,64,Yes,8,0,37.41
8,63,Yes,8,3,58.32333333333334
4,78,No,4,6,59.80833333333334
9,85,Yes,5,0,81.755
1,52,No,5,8,26.988666666666667
9,62,No,9,1,59.17
3,75,No,6,9,55.045
6,55,No,4,6,40.97925
3,55,Yes,8,5,35.60666666666666
3,81,No,8,8,59.985
2,94,Yes,6,8,70.64
8,95,No,7,6,89.80083333333332
7,50,No,6,8,40.645
9,51,No,7,1,45.49758333333333
6,67,Yes,5,0,55.915
4,40,No,6,2,22.651500000000002
4,95,No,9,8,75.94
8,82,No,9,5,77.9625
9,63,Yes,9,6,63.23733333333334
1,86,No,6,9,61.98416666666667
7,64,Yes,6,9,55.62
5,99,No,4,7,84.655
8,68,No,5,1,62.055
4,56,No,6,9,38.85575000000001
7,99,No,6,6,91.13297619047619
8,83,No,4,4,75.18
7,99,Yes,4,3,86.47
9,75,Yes,7,9,72.75683333333333
7,91,Yes,4,9,83.415
6,90,No,6,3,80.22
3,42,No,9,4,23.515
6,52,No,4,4,40.75
3,40,Yes,7,3,19.395
8,87,No,7,6,81.035
9,89,Yes,9,3,86.635
7,93,Yes,6,4,85.791
6,70,No,8,1,59.07
8,48,No,9,4,41.105
3,69,Yes,6,7,50.265
3,98,No,7,2,75.57
2,97,Yes,5,9,73.61
9,76,No,5,9,71.94
7,55,Yes,4,5,45.025749999999995
1,76,Yes,7,3,52.26
3,63,Yes,9,9,46.064499999999995
6,48,Yes,4,0,36.565
3,62,No,7,0,42.375
8,74,No,7,7,68.05708333333332
6,46,No,6,2,35.1
8,69,Yes,4,5,62.01
9,74,Yes,8,4,72.26866666666666
4,96,No,7,9,77.815
8,72,Yes,7,8,66.113
6,92,Yes,5,3,79.4
3,67,Yes,5,3,46.845
9,42,Yes,7,1,39.23
4,57,Yes,4,1,40.9
2,92,Yes,5,3,67.655
2,66,No,7,4,43.335
7,40,No,7,6,31.665
7,45,No,9,7,39.535
9,50,Yes,6,2,44.6055
6,73,Yes,4,8,61.405
8,78,No,8,1,72.16859523809524
8,60,No,5,2,50.47916666666666
1,95,No,8,4,71.23
1,52,Yes,6,3,25.215
2,77,Yes,8,5,54.72333333333333
1,91,Yes,6,3,65.23499999999999
7,40,No,8,2,30.985
5,78,Yes,6,6,65.09949999999999
5,71,Yes,5,0,56.69208333333333
9,88,No,8,8,85.335
6,43,No,4,5,29.45
1,48,No,9,5,23.545
8,45,No,9,0,38.974000000000004
7,93,Yes,4,6,85.04516666666666
8,74,No,5,5,67.48458333333333
6,57,No,8,8,46.7625
1,99,No,6,1,72.61516666666665
7,54,No,6,7,44.33449999999999
2,56,Yes,5,3,32.133833333333335
7,82,No,4,4,70.97333333333334
2,54,No,8,0,30.02625
2,58,No,8,4,33.795
4,65,No,5,2,46.30700000000001
2,61,No,9,0,40.255
9,62,No,6,7,57.0675
3,52,Yes,4,7,32.974535714285715
4,67,Yes,7,1,48.3625
6,96,No,6,6,84.01333333333332
8,76,No,9,4,70.22
6,83,Yes,6,7,72.22
1,72,No,6,4,44.724166666666676
6,83,Yes,7,1,70.665
7,84,Yes,7,6,77.5
4,75,Yes,8,9,59.02
9,58,Yes,4,2,54.66374999999999
7,72,Yes,9,4,63.19
1,83,No,4,5,55.06833333333333
7,86,No,5,7,78.16
9,50,No,9,9,47.81666666666667
8,81,No,6,2,74.125
6,41,Yes,7,8,29.58583333333333
3,65,Yes,6,6,44.579499999999996
7,56,No,4,0,46.682833333333335
3,56,No,9,3,36.72
2,69,Yes,9,1,46.695
3,79,No,6,0,57.1275
4,63,Yes,5,9,46.89833333333334
6,43,No,8,9,31.166666666666664
5,77,No,9,1,64.417
5,68,Yes,8,9,54.305
1,91,No,6,2,63.917773809523815
4,45,No,9,9,29.18333333333333
7,85,No,6,7,76.35
2,52,Yes,4,5,26.32083333333333
6,70,No,7,4,57.39
2,87,Yes,7,3,65.56
1,94,Yes,6,3,67.04
7,52,No,8,5,44.235
9,46,No,8,5,44.07666666666666
2,78,No,8,4,55.699
1,78,No,7,8,52.62919047619047
6,97,Yes,5,4,86.21
3,81,No,6,6,59.98566666666667
2,44,Yes,5,1,18.9275
7,40,Yes,8,9,30.955
1,77,No,6,5,51.11499999999999
2,54,Yes,4,7,30.78166666666667
7,69,No,6,1,60.665
5,71,No,5,8,58.375
8,53,No,5,2,47.583083333333335
5,67,Yes,6,1,51.805
5,63,No,5,5,48.71
2,68,Yes,9,6,45.555
4,73,No,7,9,56.48
2,69,No,8,3,45.995
1,55,Yes,7,4,28.249166666666664
4,42,No,4,9,24.66
8,97,No,9,7,94.30499999999998
9,83,Yes,7,3,81.055
5,64,No,7,3,49.175
1,80,No,6,3,54.03
1,83,No,5,3,56.31833333333334
3,43,Yes,6,1,22.26
1,46,Yes,5,0,19.145
7,85,Yes,8,0,76.325
8,48,No,8,2,41.345
6,59,No,8,0,47.57666666666667
4,40,Yes,8,5,24.395
8,93,Yes,5,1,88.19
1,66,No,8,2,41.305
9,60,Yes,8,1,56.236999999999995
6,63,Yes,9,3,51.09041666666667
7,74,Yes,5,7,65.60766666666667
7,60,No,5,8,53.66366666666666
1,99,Yes,9,3,74.865
9,52,Yes,7,7,50.54414285714285
1,46,No,8,1,20.96
2,63,Yes,7,6,39.955
5,82,No,5,2,67.62
2,52,No,6,1,26.379166666666666
7,78,No,5,0,68.465
3,91,Yes,6,7,73.8325
7,61,Yes,8,0,52.62325
6,51,Yes,9,3,39.695
3,97,No,7,1,77.63
7,83,Yes,5,9,74.97
3,98,Yes,7,4,76.9
6,66,Yes,4,9,56.92916666666667
7,62,Yes,8,0,54.17400000000001
3,69,No,6,2,48.785
7,74,No,8,1,65.22733333333332
7,64,Yes,4,8,55.33583333333333
7,71,No,4,1,61.525
9,63,No,7,9,60.99875
7,75,Yes,6,1,66.83292857142855
2,81,Yes,4,9,60.17
6,70,No,9,2,58.965
2,71,No,6,7,48.58
3,59,Yes,6,3,39.045
8,98,Yes,8,2,93.26
4,79,No,8,5,65.29
6,57,Yes,6,5,43.44
2,85,Yes,9,5,63.83011904761904
7,74,No,9,8,67.60666666666667
7,42,No,6,3,33.375
7,43,Yes,9,6,38.515
1,44,No,4,8,17.96957142857143
6,68,No,9,7,56.655
6,41,No,8,5,27.221333333333334
8,66,No,7,2,61.4225
8,72,No,4,6,67.47
8,60,No,5,3,53.030833333333334
9,70,No,9,3,68.0625
8,92,No,7,5,85.13208333333333
4,88,Yes,4,6,71.18
2,64,No,6,3,40.505
2,44,Yes,4,0,18.26
2,59,Yes,6,2,36.48
1,68,No,7,8,41.323035714285716
2,48,Yes,6,2,26.7875
4,67,No,7,8,48.96991666666668
2,66,No,4,5,42.51
8,47,Yes,8,6,43.049
7,67,No,8,3,60.12649999999999
8,87,No,5,3,79.555
5,69,No,7,6,56.085
6,61,Yes,6,1,48.89
2,59,No,8,3,34.77
5,42,No,6,2,24.805
6,44,No,5,1,30.666
7,65,No,8,3,55.025
8,96,Yes,8,5,92.385
7,52,Yes,6,9,43.37791666666667
5,54,No,4,9,39.6275
6,65,No,4,0,51.4625
4,87,Yes,8,9,73.12266666666667
5,48,No,5,3,32.24
8,82,No,8,5,77.7325
8,45,Yes,9,9,40.90083333333333
3,42,No,8,9,22.313333333333336
5,53,No,7,0,39.942
8,63,No,5,8,59.045880952380955
3,83,Yes,9,1,63.556416666666664
9,54,Yes,7,3,51.80000000000001
6,76,Yes,4,3,65.005
6,83,Yes,6,9,71.92
2,42,Yes,6,8,18.7125
4,73,No,7,4,54.325
3,92,No,8,0,72.9875
9,78,Yes,6,7,77.44833333333332
2,82,No,9,2,60.9
2,85,Yes,4,7,63.37432142857143
9,71,No,4,6,68.75583333333334
4,82,No,6,6,63.805
4,87,No,5,2,68.715
2,96,No,8,2,73.5
1,86,Yes,5,0,59.85066666666667
8,79,Yes,8,6,74.39008333333334
6,42,No,4,9,26.14
1,85,Yes,7,8,59.47
9,50,No,5,8,45.285
8,61,No,6,9,55.24833333333333
8,61,Yes,9,3,56.17
2,57,Yes,7,5,34.46666666666667
9,95,Yes,4,5,90.006875
8,84,No,4,6,75.515
7,90,Yes,8,9,82.755
4,48,Yes,7,8,32.14
5,62,No,5,9,48.02325
2,63,Yes,6,9,41.155
3,79,Yes,4,9,58.03583333333333
7,46,No,9,8,40.56
9,56,Yes,5,9,54.69833333333333
5,94,No,5,9,80.045
2,41,No,6,5,17.21
5,74,Yes,4,2,58.855
7,67,No,5,8,60.025
9,58,Yes,7,2,54.69433333333333
7,77,No,7,6,67.74083333333333
1,94,Yes,8,4,69.225
5,74,Yes,7,1,59.17450000000001
9,57,No,7,1,53.68154761904761
4,50,Yes,9,3,34.05583333333333
2,49,Yes,6,0,25.714583333333334
1,56,Yes,8,9,32.441
1,65,No,8,9,41.2
1,70,Yes,4,0,43.45
4,71,Yes,5,1,53.997083333333336
6,60,Yes,9,1,49.56
1,99,Yes,4,3,73.85716666666667
7,57,No,8,9,50.13983333333333
6,54,No,9,7,45.357
8,40,No,7,7,32.655
5,90,No,5,5,75.35
6,81,No,4,7,67.41375
7,84,No,7,0,75.545
7,85,No,9,5,76.395
1,50,Yes,4,2,22.495
3,63,No,4,2,41.62
6,91,Yes,9,1,81.385
1,73,Yes,9,1,49.485
7,43,Yes,4,3,32.725
5,49,Yes,5,0,32.53
6,41,Yes,7,8,29.58583333333333
4,77,Yes,6,5,60.45333333333333
6,67,No,6,7,55.22833333333334
4,40,No,9,4,25.88
4,48,No,7,7,30.9625
3,44,No,6,9,24.1225
8,81,Yes,5,1,74.21
3,97,Yes,7,1,75.97666666666667
2,60,No,6,6,38.07266666666666
8,47,No,6,7,40.9425
3,56,No,4,5,33.98983333333334
1,88,Yes,7,4,63.44
5,79,No,9,8,66.43866666666666
1,46,No,8,5,20.37
7,46,No,7,8,37.285
6,54,No,7,2,41.17549999999999
7,46,No,5,0,36.1525
4,86,No,8,4,68.63875
6,61,No,6,0,49.43333333333334
3,89,No,9,3,69.44
6,55,Yes,7,0,43.95066666666666
8,77,Yes,7,9,72.2075
9,77,No,4,4,71.11
7,80,No,8,0,72.325
2,98,Yes,6,7,74.4
2,43,Yes,7,8,21.02875
2,61,No,8,7,39.805
2,97,Yes,7,9,75.14375
6,76,No,9,9,68.2705
4,61,Yes,8,0,43.185
3,52,No,6,7,33.435
5,76,Yes,8,5,63.785
6,76,Yes,4,0,62.995
4,84,No,8,6,66.01050000000001
4,79,No,5,2,63.595
5,84,No,9,2,73.78
8,92,No,5,7,86.39375
9,79,Yes,6,9,77.255
4,94,No,5,9,76.655
4,48,No,4,6,30.105
1,71,Yes,6,7,44.335
3,90,Yes,9,9,70.8935
1,91,Yes,5,6,65.04238095238094
9,88,Yes,6,2,84.19
4,69,Yes,8,6,55.0125
2,97,No,7,0,74.2
4,42,Yes,9,2,24.87666666666667
6,90,Yes,5,0,80.015
7,97,No,9,9,91.315
9,65,No,8,8,63.9525
5,69,No,5,4,54.55625
8,96,No,7,0,91.72
3,57,Yes,5,7,35.584666666666664
8,95,No,9,2,92.64416666666666
5,42,Yes,7,3,28.7
3,79,Yes,5,5,59.49716666666665
9,68,No,5,2,63.79
9,90,No,8,2,86.58
7,64,Yes,7,0,55.905
6,53,Yes,6,9,40.935
2,77,Yes,6,7,55.625
9,47,Yes,8,7,46.74166666666666
1,75,No,5,3,49.535
4,55,Yes,6,3,36.63333333333333
1,53,Yes,6,1,26.08125
2,64,No,7,1,40.46
7,43,No,4,4,32.515
1,96,No,8,3,69.81
2,60,Yes,5,4,37.155619047619055
2,83,Yes,9,7,63.72
5,64,No,8,8,50.57149999999999
7,49,Yes,4,5,38.575
8,91,No,8,4,85.9575
1,68,No,4,4,41.54
7,49,Yes,8,9,42.56
2,88,Yes,5,6,63.62708333333334
3,61,Yes,6,3,40.75
7,65,Yes,6,7,55.7475
9,48,No,5,3,41.645
4,70,No,5,4,53.51174999999999
2,63,Yes,5,8,39.71
6,48,No,7,4,36.115
6,62,Yes,4,8,48.02
5,75,Yes,9,6,64.8
6,93,Yes,5,5,81.05
8,67,No,7,9,63.085
8,96,No,8,3,92.63875
5,81,No,7,9,67.05791666666666
7,81,Yes,9,6,74.26166666666667
6,56,Yes,7,0,43.87333333333333
6,63,No,9,9,50.66116666666666
5,54,Yes,6,2,37.55
9,83,No,7,3,80.89
6,59,Yes,6,5,47.635
9,43,No,7,7,40.985
9,44,Yes,4,4,39.5
9,92,Yes,9,4,90.985
3,47,No,7,3,27.025
1,61,Yes,7,6,36.913333333333334
8,81,Yes,9,4,74.77199999999999
5,61,No,4,7,47.44166666666666
7,49,No,9,0,39.694250000000004
6,54,No,4,7,40.63708333333334
6,47,Yes,8,4,34.87166666666666
5,70,No,7,8,57.94
7,61,No,8,5,53.235
4,47,No,4,8,26.27
7,43,No,8,2,34.555
8,69,No,6,0,64.15792857142857
1,57,No,6,3,31.045000000000005
1,92,Yes,4,6,64.7682142857143
1,68,No,8,1,41.46
6,83,No,5,0,68.78
8,46,Yes,8,8,42.22833333333334
3,90,No,5,9,69.345
8,95,No,9,4,92.29875
4,63,No,4,8,45.9425
2,58,No,9,7,36.11
9,98,Yes,7,4,98.69
2,89,No,6,9,66.26733333333333
7,95,Yes,6,5,87.736
7,67,Yes,7,6,59.43
1,80,Yes,5,4,54.065
5,93,No,4,2,77.565
8,73,No,5,4,67.685
1,49,No,7,9,24.191
5,80,No,8,9,67.74958333333332
6,65,No,7,7,53.835
8,69,Yes,9,4,62.52
5,59,Yes,9,0,43.745
4,47,Yes,9,8,31.635
4,99,Yes,6,1,82.0
5,54,Yes,6,6,39.745
7,44,No,6,6,35.035
6,74,No,6,9,63.785
5,96,No,4,1,80.445
9,78,No,9,3,76.55
3,73,Yes,4,6,51.4225
4,99,No,9,5,83.775
7,54,Yes,8,6,46.59833333333333
1,95,Yes,6,6,68.605
9,40,No,9,3,37.205
1,67,No,9,4,39.39
9,40,Yes,5,3,35.96
9,90,No,7,3,85.8
9,80,No,7,8,77.325
7,51,No,4,0,41.31066666666668
6,44,Yes,8,0,29.435083333333345
2,53,No,6,5,27.32875
9,87,Yes,8,5,84.39
8,75,Yes,6,1,69.7275
2,54,Yes,8,1,30.385
6,58,Yes,9,8,48.85
1,44,No,5,5,16.34732142857143
2,82,No,9,2,60.9
3,78,No,9,3,60.525
9,44,No,9,9,42.58533333333334
9,91,No,7,0,89.33
3,75,No,7,4,55.85
3,57,Yes,5,6,35.513666666666666
9,68,No,8,2,64.95
5,44,Yes,5,3,29.61
7,64,Yes,6,8,55.375
9,49,Yes,8,9,46.035
7,63,No,9,6,56.115
2,89,Yes,4,3,66.76992857142858
5,60,No,9,0,46.73
6,64,No,5,5,51.718
2,86,No,6,5,62.99075
9,83,Yes,6,5,81.09
8,89,Yes,8,2,83.57833333333332
8,62,Yes,6,1,57.12166666666667
3,52,No,7,4,32.86
7,70,Yes,4,4,60.285
1,80,No,9,0,53.55
5,95,No,8,8,82.11
5,89,No,6,0,74.52
1,77,Yes,7,4,52.51249999999999
7,61,No,8,0,52.02666666666667
1,54,No,9,6,30.95666666666667
1,42,Yes,8,9,16.465
6,93,Yes,8,1,83.43
6,45,No,8,2,35.2725
6,65,Yes,5,4,52.31
3,40,No,8,8,19.3675
6,58,No,7,4,46.54
3,46,No,7,7,26.23166666666667
8,59,No,8,7,55.54
5,69,Yes,6,3,54.89249999999999
7,70,No,9,4,62.51
9,57,No,4,1,52.74666666666666
4,80,Yes,5,1,63.4825
3,40,Yes,7,9,19.278333333333332
3,98,No,6,5,79.37
3,61,Yes,8,6,43.7
7,55,No,4,3,42.992666666666665
9,41,No,6,9,39.30983333333333
1,94,Yes,9,9,70.47800000000001
2,65,Yes,9,5,41.825
8,44,No,7,8,39.025
3,73,No,8,1,53.981
8,89,Yes,6,0,84.03
6,64,Yes,8,8,52.812083333333334
9,87,Yes,7,2,85.805
5,93,Yes,4,9,78.56
5,69,Yes,8,5,55.04
8,90,Yes,4,1,84.97466666666668
7,90,Yes,6,8,81.945
2,69,Yes,5,2,45.4825
5,50,No,7,3,33.265
5,53,No,7,9,39.79
2,55,No,9,1,31.505
8,89,Yes,4,6,84.40299999999999
3,43,Yes,6,5,23.92
9,93,No,8,9,92.56
8,53,Yes,8,0,47.72083333333333
2,44,No,5,0,18.855
5,70,No,5,6,56.61125
2,94,No,9,5,73.5795
1,49,No,6,8,24.94125
1,66,Yes,5,9,41.57125
3,55,No,9,0,34.26
5,69,No,9,9,57.355
9,60,No,8,8,57.845
3,84,No,9,0,65.8
5,98,Yes,6,5,82.54
5,93,No,7,5,78.415
8,93,No,4,6,87.50333333333334
8,69,No,7,0,62.05842857142858
8,65,No,8,7,61.95625
2,68,No,6,4,44.92
7,64,Yes,8,6,57.36
9,65,No,7,8,63.4775
2,76,No,6,1,52.895
2,73,No,7,8,50.84
9,42,No,5,9,39.41191666666666
4,97,Yes,9,3,81.855
3,93,Yes,9,1,73.2825
5,44,Yes,7,5,31.7
2,88,Yes,8,5,64.52783333333333
9,47,Yes,4,2,44.845
3,80,No,8,8,59.415
2,52,Yes,8,2,28.78625
9,95,No,5,6,90.41700000000003
4,58,No,6,0,40.07
3,67,Yes,5,1,47.135
1,71,Yes,6,0,44.69
2,93,No,8,4,69.641
4,42,Yes,7,2,23.3425
9,71,Yes,8,9,68.95966666666666
8,47,No,6,2,40.02
4,53,No,6,8,35.39
9,95,No,6,0,91.77550000000001
3,68,No,9,0,48.285
7,81,No,6,8,71.29916666666666
5,97,No,6,4,82.105
6,57,Yes,8,6,45.615
2,42,No,8,8,20.32
2,77,No,5,7,54.88
4,48,No,6,8,30.52
6,79,Yes,4,2,66.13600000000001
5,82,Yes,4,7,69.94
4,47,Yes,7,0,30.6325
6,88,Yes,7,6,76.7875
7,68,No,6,9,60.16
2,40,No,5,1,15.67
5,60,No,8,4,44.98833333333334
2,48,Yes,6,7,25.49
7,95,No,7,2,87.075
9,81,No,6,8,76.65
5,61,Yes,6,1,45.34
7,48,Yes,6,3,38.705
9,47,Yes,4,0,43.15
9,81,Yes,7,9,77.53
2,75,Yes,8,2,52.465
8,83,Yes,4,0,74.505
3,76,Yes,7,4,55.845
1,69,No,8,5,45.405
6,64,No,6,3,52.990500000000004
2,80,No,9,2,57.625
7,48,No,8,9,41.725
1,41,No,7,3,13.145
6,43,No,5,5,30.133333333333336
6,53,Yes,4,4,40.8475
8,52,No,4,1,43.255
8,63,No,9,0,59.1105
6,71,No,9,8,61.755
1,96,No,8,0,70.135
8,92,No,5,5,85.2775
5,70,No,5,3,56.21333333333333
3,51,No,5,7,32.535
2,64,Yes,6,9,41.43
6,86,Yes,4,2,74.17666666666668
4,90,Yes,8,3,72.84
1,47,Yes,9,3,23.54266666666666
8,82,Yes,9,6,79.02
2,45,Yes,6,3,19.685
7,82,Yes,9,7,75.895
4,92,No,4,8,75.69
9,77,No,7,0,73.55428571428573
6,76,No,6,4,66.06208333333333
3,41,Yes,6,1,20.175
3,74,No,9,5,54.47967857142858
7,85,Yes,7,5,76.83
7,92,Yes,8,0,83.95
3,87,No,9,5,67.785
9,46,Yes,4,4,41.19333333333334
8,61,No,4,6,53.34041666666668
4,71,Yes,8,9,55.625
3,98,Yes,8,3,80.265
5,66,No,5,3,50.295
6,99,Yes,8,5,90.0785
3,83,No,5,5,61.47
5,90,Yes,5,9,76.33500000000001
2,81,Yes,5,9,60.115
2,48,No,9,9,26.665
9,73,No,7,0,68.44166666666666
1,48,Yes,6,9,24.17
2,54,No,5,7,30.1
5,47,No,8,4,33.93
6,97,No,7,0,85.41333333333334
8,58,No,9,6,53.92333333333334
1,81,No,5,2,55.38
8,47,No,7,7,40.94166666666666
8,57,Yes,6,0,51.395
9,74,No,9,9,72.77333333333334
7,67,No,9,9,60.665
5,85,Yes,6,1,71.665
4,86,No,6,9,69.5635
8,93,No,5,8,87.91375
1,90,No,7,5,64.59458333333333
1,64,No,8,5,39.155
5,96,Yes,5,7,79.94
5,42,Yes,6,3,26.855
9,89,Yes,5,3,86.24
4,99,No,4,9,81.16
3,74,Yes,9,6,54.562178571428575
4,58,Yes,4,5,40.35583333333334
7,90,Yes,7,5,80.325
8,82,No,8,3,77.48
1,85,No,9,6,61.50500000000001
7,47,No,5,3,38.4675
9,46,Yes,8,3,42.18791666666666
7,40,Yes,6,4,31.625
9,64,No,9,7,62.55416666666667
1,72,Yes,4,1,44.37
1,44,No,9,1,17.51625
4,44,No,5,6,25.620833333333334
9,56,Yes,7,4,53.76541666666666
7,92,No,9,9,87.12
7,97,No,8,4,87.885
5,47,No,8,1,34.49
6,73,Yes,7,9,62.38
5,79,No,8,0,63.05
9,40,Yes,5,0,36.745
3,68,No,6,7,48.045
3,75,No,4,2,54.815
7,76,Yes,6,8,68.77416666666666
6,68,No,4,5,54.52
3,44,No,6,3,22.21
5,71,Yes,4,6,57.04083333333334
2,91,Yes,7,1,67.21
6,63,No,9,8,51.35931746031746
8,58,No,8,1,51.5775
1,51,No,8,7,25.39585714285714
7,73,Yes,6,8,65.29
2,46,No,4,0,22.32
3,42,Yes,5,6,20.99
8,77,No,7,6,70.04291666666666
9,89,No,6,3,85.58
4,89,Yes,6,2,71.54141666666668
7,93,Yes,5,4,86.06966666666668
9,44,No,4,0,39.9925
7,69,No,7,1,60.4
4,65,No,4,7,46.39208333333334
3,93,Yes,6,5,74.125
2,86,No,6,2,63.6925
6,60,Yes,7,6,49.045
9,43,No,4,6,39.09
8,40,No,8,3,34.084833333333336
4,56,No,6,6,39.249249999999996
6,90,Yes,5,2,79.5525
9,98,No,8,5,96.5525
5,73,No,8,6,61.833
9,84,Yes,6,2,81.815
6,45,No,4,2,32.375
7,46,No,7,4,36.0875
2,52,Yes,4,1,27.443166666666666
2,90,Yes,7,0,67.15
6,56,Yes,7,1,43.77833333333333
6,76,Yes,9,6,67.40757142857142
2,95,No,6,8,72.125
1,93,Yes,5,3,66.9425
4,63,Yes,8,5,47.22833333333334
9,92,No,7,0,90.14
4,84,Yes,6,4,66.00399999999999
1,62,Yes,5,0,33.285
8,42,No,8,8,38.046
3,54,Yes,6,6,33.782333333333334
6,88,Yes,6,4,75.0525
7,97,Yes,5,9,90.08
7,45,No,4,6,35.6
8,62,No,5,1,56.205
9,83,Yes,6,8,83.505
3,84,No,8,3,65.96
4,93,Yes,6,9,76.03
9,84,No,8,5,80.965
7,42,Yes,6,8,33.81
1,42,Yes,5,8,15.615
9,99,Yes,8,1,95.405
1,54,Yes,5,1,27.2
7,47,No,7,6,39.775
8,92,No,5,0,87.72
9,92,No,8,6,91.355
6,57,No,4,0,44.03
7,69,Yes,8,8,60.88
6,42,No,7,8,29.03583333333333
9,45,Yes,4,9,41.568976190476185
7,77,Yes,7,4,69.7375
1,82,Yes,4,4,54.18
1,57,Yes,6,6,31.897666666666666
5,95,No,6,4,81.16
3,66,Yes,6,9,45.23692857142858
2,79,Yes,4,5,56.195
5,68,Yes,6,2,54.665
2,94,No,4,5,70.56
6,85,Yes,4,0,68.9275
5,66,Yes,5,4,50.05833333333334
6,72,Yes,5,1,59.74
4,72,No,6,4,55.455
5,83,No,6,5,69.36
7,40,Yes,7,9,30.66
5,89,Yes,7,1,75.16666666666666
8,73,No,9,7,69.12333333333333
9,64,Yes,6,3,57.91
3,54,Yes,6,6,33.782333333333334
1,82,Yes,9,6,58.729666666666674
8,89,No,8,7,84.485
1,94,Yes,6,4,67.53
9,98,Yes,9,3,96.805
6,89,No,7,7,78.3025
9,91,Yes,5,3,87.27
5,49,Yes,4,5,33.015
6,60,Yes,9,3,49.465
9,54,No,8,1,50.862833333333334
9,95,Yes,5,0,90.34183333333334
6,44,No,9,0,30.452500000000004
6,64,Yes,4,3,50.544166666666676
6,95,Yes,8,4,85.84
2,61,Yes,9,0,40.955
7,64,Yes,7,0,55.905
1,48,No,4,0,19.455
9,66,Yes,5,3,62.69
3,58,No,5,8,36.810833333333335
3,77,No,8,6,59.6125
4,54,Yes,6,8,37.36066666666667
2,84,Yes,4,8,62.02
7,44,No,6,7,34.175
2,63,Yes,5,0,38.39
2,94,Yes,8,0,71.755
5,98,No,6,1,82.2
8,67,Yes,4,3,60.155
8,51,Yes,4,6,45.93916666666667
6,77,Yes,8,9,66.90016666666666
1,83,Yes,9,0,58.79833333333334
7,99,No,8,7,93.575
3,84,No,9,3,65.6
2,75,No,9,9,52.68
1,45,No,9,6,19.845
8,77,No,8,5,70.70750000000001
2,98,No,8,7,76.645
1,46,No,4,7,20.455
4,95,No,5,6,74.56
4,62,No,7,4,44.62
8,91,Yes,4,6,86.33341666666666
9,54,No,9,3,50.84883333333334
7,57,No,5,2,48.5825
5,59,Yes,6,8,44.41316666666667
1,85,No,9,6,61.50500000000001
8,88,No,7,2,81.74671428571428
4,71,No,5,5,54.95
2,93,No,7,4,69.63600000000001
2,60,Yes,8,7,39.395
1,96,No,9,5,70.53
3,88,No,9,0,67.565
9,69,Yes,4,4,66.065
9,93,Yes,8,3,91.32216666666665
5,98,No,8,5,84.555
6,64,No,9,9,52.73833333333333
7,77,No,8,3,67.84666666666666
8,91,No,9,5,86.58666666666667
9,96,No,7,0,94.22783333333335
9,96,No,7,8,95.43666666666668
6,54,Yes,8,1,42.76616666666668
7,91,No,9,3,84.38
2,83,Yes,6,2,59.825
9,74,Yes,8,2,71.60866666666666
4,91,No,4,9,74.27
4,40,Yes,6,7,23.655
5,73,No,6,0,57.82583333333333
3,52,Yes,5,7,35.4275
8,97,Yes,5,2,91.295
5,48,No,8,8,35.825
2,89,Yes,9,4,66.705
1,49,No,7,3,23.66
4,95,Yes,6,4,76.26133333333333
2,87,No,6,9,64.91183333333332
1,48,No,8,2,22.705
7,92,Yes,4,0,83.29
1,42,No,4,7,13.305
2,69,No,8,8,48.2
1,83,No,7,4,58.505
1,49,Yes,9,9,24.6225
4,57,No,4,3,38.25
9,85,Yes,4,0,81.605
9,57,Yes,7,2,53.585666666666654
2,73,Yes,5,6,50.97
2,62,No,5,1,38.385
2,92,No,8,5,70.36
5,40,No,6,5,25.70133333333333
8,77,No,8,9,70.3475
5,78,Yes,4,1,63.4625
5,46,Yes,7,8,32.48
2,57,No,6,1,31.788083333333333
9,43,No,4,7,39.73
4,91,No,6,7,74.975
6,48,Yes,6,6,35.76
7,47,Yes,9,6,41.295
8,57,No,6,1,48.525
8,81,No,4,5,74.4625
6,85,Yes,7,0,70.6125
3,65,No,5,8,45.405
9,79,No,9,2,78.47
2,61,No,5,6,37.95766666666666
3,83,Yes,4,8,63.53958333333334
5,86,Yes,7,6,72.68
2,60,No,4,3,35.268
8,87,Yes,9,1,84.84
5,65,Yes,6,5,51.568666666666665
1,75,Yes,8,2,51.05333333333334
3,54,No,7,6,33.9105
8,99,Yes,6,3,92.21166666666667
6,70,Yes,7,3,58.44
1,86,Yes,7,3,64.63
4,73,No,4,8,56.66
1,41,No,4,3,14.28
3,81,No,6,3,59.465
5,69,No,8,1,52.845
5,47,No,4,7,30.18
4,91,Yes,4,3,74.05
3,46,No,7,4,24.60077777777778
5,51,No,7,7,38.1
4,97,No,6,3,78.04
8,58,Yes,7,4,54.01816666666666
8,67,Yes,9,5,61.665
5,53,No,9,2,39.59
4,53,Yes,9,8,37.82
3,45,Yes,7,4,22.90041666666667
2,53,No,4,4,28.13933333333334
9,52,Yes,5,4,48.56
1,66,Yes,6,3,40.105
1,74,Yes,8,0,48.67
2,41,No,9,5,18.185
3,87,No,6,3,65.355
9,40,No,4,0,35.63
6,77,No,7,0,67.235
4,90,No,5,9,72.865
8,84,No,9,5,79.32
9,63,No,9,7,61.79500000000001
7,49,No,6,0,38.6975
3,74,Yes,8,7,56.4825
6,46,No,5,3,34.38
2,74,No,6,2,49.83
7,56,Yes,7,8,47.384000000000015
5,54,No,9,4,40.818333333333335
8,51,No,7,8,46.89
3,62,Yes,6,6,41.52
7,65,Yes,4,8,56.92083333333334
9,44,Yes,5,6,40.90833333333333
7,70,No,4,8,61.63
7,93,No,6,8,85.71716666666667
5,45,Yes,7,4,31.865
6,84,Yes,9,2,75.08
4,47,Yes,9,9,31.725
7,87,Yes,4,7,78.21
9,96,Yes,7,4,95.23375
5,54,No,5,3,38.57
9,43,Yes,8,6,41.091166666666666
9,76,Yes,4,0,72.44666666666667
3,49,No,6,0,25.520666666666667
9,45,Yes,7,4,42.81
3,43,Yes,8,4,23.30916666666667
9,93,Yes,5,2,88.74416666666666
6,95,No,5,6,84.62
2,79,Yes,7,9,56.33433333333333
8,65,No,8,3,59.40833333333334
1,81,No,6,6,55.38166666666667
8,52,No,5,0,45.1625
1,61,Yes,7,9,36.585
2,88,No,5,1,61.83458333333335
6,44,Yes,5,1,30.192000000000007
9,77,Yes,7,5,74.29858333333333
2,50,No,4,1,27.209833333333336
4,77,Yes,8,6,60.81
8,83,Yes,4,2,74.9
7,64,Yes,8,0,56.542
8,91,No,8,4,85.9575
6,54,Yes,6,6,41.85791666666666
3,56,No,9,7,38.14
1,42,No,9,2,15.33
7,91,Yes,4,9,83.415
2,77,Yes,5,0,53.37
8,40,No,7,0,31.732083333333335
6,46,Yes,4,1,34.86
7,65,Yes,6,3,56.055
6,78,Yes,6,3,66.994
3,94,No,9,0,75.05
9,66,No,4,2,61.435
5,87,Yes,7,0,72.1725
4,49,Yes,6,1,29.51
6,58,Yes,9,9,49.095
2,55,No,8,1,31.073333333333334
6,67,No,5,5,54.89875
2,60,Yes,6,5,38.37166666666667
7,47,No,6,7,39.14
9,49,No,9,4,46.37416666666666
8,49,No,4,0,41.49
5,72,No,5,7,58.1275
8,95,Yes,6,2,89.59333333333333
3,92,No,4,4,72.485
6,63,Yes,9,6,51.04267857142857
7,75,Yes,5,1,66.78942857142857
5,70,Yes,4,6,56.79333333333334
8,56,No,9,4,51.19
9,98,Yes,8,9,96.36
7,87,Yes,8,2,79.17
9,47,Yes,9,8,46.0325
6,71,Yes,4,7,60.145
9,86,Yes,6,9,84.725
5,77,Yes,5,8,64.015
9,93,Yes,8,6,92.54375
1,51,Yes,5,2,24.055
7,67,No,5,2,58.06
9,94,No,9,5,92.37691666666666
9,95,No,5,1,89.69766666666668
6,96,No,6,3,82.14333333333332
8,42,No,8,4,37.50975
4,58,Yes,4,7,40.32680952380952
5,49,No,6,6,33.035
8,69,No,5,7,63.85525
4,99,No,5,3,82.5
4,63,Yes,9,1,46.855
8,65,No,4,8,59.52166666666667
6,75,Yes,4,0,61.06
6,99,Yes,8,7,92.25433333333335
6,87,Yes,6,6,74.055
1,63,Yes,8,3,37.355
5,54,Yes,5,1,36.72
9,90,Yes,9,8,88.705
9,40,No,5,7,34.14333333333333
1,61,Yes,9,3,35.81
8,90,Yes,7,5,85.77
1,79,Yes,4,3,52.345
8,94,No,7,4,85.7025
3,88,No,9,8,69.14
3,94,Yes,7,5,74.69
8,60,No,4,6,52.20833333333335
4,77,Yes,7,5,60.165
2,61,Yes,5,3,36.1
4,93,Yes,8,8,76.35
6,82,Yes,9,3,71.745
6,41,No,4,1,24.57625
5,96,No,7,0,81.745
7,57,No,7,7,49.751083333333334
4,87,No,8,5,70.78
6,64,Yes,7,4,53.205
5,98,Yes,6,3,83.38
4,61,Yes,7,1,43.53
9,54,No,5,3,47.586833333333345
4,84,Yes,9,2,66.83
8,95,Yes,8,9,91.30416666666666
9,80,No,9,2,78.46
8,45,Yes,6,1,38.115
7,50,No,6,9,41.76749999999999
3,77,No,8,4,59.735
9,47,Yes,9,1,45.49
3,83,No,8,4,64.16833333333334
6,97,Yes,5,9,87.83
6,42,No,8,1,28.12
2,52,No,6,0,26.685
2,88,No,5,4,64.25851190476192
1,55,No,6,2,28.420666666666662
6,52,No,4,1,39.867333333333335
9,98,Yes,8,1,95.49
7,56,No,9,5,47.36374999999999
6,70,Yes,4,4,57.7425
6,54,Yes,4,1,41.25075000000001
4,59,Yes,4,7,40.70389285714286
1,76,Yes,9,7,51.768249999999995
4,43,Yes,6,3,23.5025
8,87,No,5,8,80.905
4,87,No,5,0,68.1025
3,84,Yes,9,4,66.965
8,41,No,8,5,34.547666666666665
2,57,No,9,6,35.065
1,88,No,9,8,63.9825
3,47,Yes,4,5,27.57845238095238
3,41,No,9,6,22.375
1,68,No,5,9,41.490625
4,66,Yes,5,4,48.093333333333334
2,73,No,4,0,49.4
7,56,Yes,9,4,48.10291666666667
1,62,No,6,6,37.59191666666666
3,72,Yes,5,2,49.71283333333333
1,51,No,7,3,24.18
6,78,Yes,7,3,67.81828571428572
9,54,Yes,8,6,52.703
3,40,No,6,1,18.62
4,83,Yes,4,6,66.66666666666666
2,96,No,7,5,73.935
1,73,No,5,6,47.46625
7,56,Yes,6,5,46.02383333333334
8,99,Yes,6,1,91.98166666666668
8,85,No,5,1,78.13
8,40,No,7,3,32.422333333333334
1,96,Yes,4,2,69.955
1,80,Yes,7,0,53.535
9,90,No,6,9,88.25
6,86,Yes,6,1,73.66916666666667
2,52,No,6,0,26.685
1,98,Yes,9,6,73.82083333333333
5,92,No,5,9,77.955
7,49,No,5,4,37.531
2,41,Yes,7,4,17.155
3,49,Yes,4,0,26.045
3,79,No,9,3,61.19166666666666
8,64,Yes,6,1,55.435
2,47,Yes,6,3,25.1275
2,60,Yes,8,0,34.96
8,61,Yes,8,7,55.86166666666667
7,84,No,7,9,76.675
5,66,Yes,5,4,50.05833333333334
5,81,No,8,0,64.43
9,96,Yes,8,9,95.215
3,47,No,4,2,26.73
4,95,Yes,5,6,75.99
1,57,No,4,6,32.1635
4,81,Yes,9,8,65.94166666666666
3,92,No,5,0,70.38
3,71,No,5,3,49.89500000000001
8,67,No,9,4,61.835
3,94,Yes,5,4,74.76
7,71,Yes,8,8,63.75
8,79,Yes,6,0,71.94
9,47,No,8,8,45.751999999999995
6,74,No,7,6,61.505
8,60,Yes,7,1,53.17366666666666
1,86,Yes,6,1,60.4275
3,73,No,9,9,52.535
6,55,No,4,6,40.97925
9,43,No,7,9,41.395
9,73,Yes,6,5,68.93716666666667
9,85,No,8,7,82.12
8,50,Yes,5,6,46.43
2,52,No,8,4,29.66625
2,64,No,5,4,40.22
6,57,No,7,5,44.675
2,89,Yes,4,0,66.66292857142858
9,69,No,9,9,66.865
7,85,Yes,9,7,78.51
9,93,Yes,4,4,90.02104166666666
6,48,Yes,8,1,36.255
9,89,No,7,6,84.455
8,80,No,5,1,73.49
8,92,Yes,5,5,86.33466666666668
3,64,No,9,9,45.11
8,79,No,8,5,76.06766666666667
2,42,No,6,1,17.57
3,43,Yes,6,7,24.415
5,71,No,4,4,55.40125
7,73,Yes,5,9,64.35
6,66,No,5,8,55.4625
9,93,Yes,4,4,90.02104166666666
2,78,Yes,5,3,57.055
5,77,Yes,4,5,62.305
6,57,No,8,4,46.4
1,75,No,7,6,49.18216666666666
9,60,Yes,9,7,57.275
2,69,No,9,0,45.78
6,73,Yes,9,6,63.5175
8,47,No,5,8,41.24416666666666
5,67,No,8,9,52.70666666666666
7,55,No,5,3,42.8975
1,87,No,8,2,60.2
8,75,No,7,6,69.81416666666665
5,52,Yes,5,1,35.379571428571424
7,75,No,6,7,66.64125000000003
8,64,No,6,8,59.79166666666667
7,92,No,8,3,84.63
3,56,Yes,4,8,35.315
3,97,Yes,7,2,75.93633333333334
1,69,Yes,8,6,46.24
5,97,No,7,2,82.485
5,82,No,8,3,67.955
8,76,No,6,0,69.50125
4,42,Yes,7,2,23.3425
5,76,No,9,3,64.39366666666666
5,57,Yes,4,5,39.915
7,72,Yes,8,6,64.275
6,54,Yes,5,6,40.89333333333334
3,94,No,9,4,74.3
8,71,Yes,5,9,66.72633333333334
8,58,Yes,9,1,52.44866666666667
1,95,Yes,8,1,68.82
3,59,No,7,7,40.60875
9,92,No,7,6,90.555
5,50,No,9,7,36.55
8,95,Yes,4,6,88.95958333333333
2,50,No,6,2,26.051190476190474
9,83,Yes,6,3,81.265
9,55,Yes,6,1,52.2
2,94,Yes,5,0,71.42083333333333
1,66,Yes,8,0,42.485
9,55,Yes,7,4,52.82916666666667
6,98,Yes,6,4,87.165
6,98,No,7,7,88.9
2,99,No,4,9,76.94
7,91,No,7,0,80.43
2,85,No,8,6,64.10883333333334
6,73,No,9,3,62.80585714285714
9,53,Yes,6,9,51.29066666666667
1,59,Yes,5,4,32.42666666666666
3,80,No,4,1,57.305
2,77,No,7,8,55.19
8,42,Yes,6,8,36.15
3,80,No,4,2,57.405
5,93,Yes,8,6,79.165
1,74,Yes,7,0,48.625
6,68,No,5,5,55.61
5,56,Yes,4,2,40.445
5,54,No,6,3,38.9
9,60,No,5,4,55.36599999999999
2,90,No,9,0,67.12
2,67,Yes,6,9,43.28410714285714
3,60,Yes,5,1,38.53333333333333
9,99,No,8,0,94.475
4,91,No,9,9,75.47119047619047
4,78,Yes,7,3,61.14
6,81,Yes,4,7,69.675
5,75,No,7,6,59.454333333333345
3,65,No,5,0,43.36
9,65,No,5,1,60.76
3,63,Yes,4,9,41.665
3,51,Yes,4,1,29.145
2,47,No,9,1,25.258333333333336
7,93,Yes,6,1,84.39833333333334
4,48,No,7,4,30.94958333333333
3,87,Yes,8,3,68.06
2,63,No,4,3,38.415
9,55,Yes,6,3,51.81041666666667
7,49,Yes,6,5,39.26
2,44,No,9,5,21.56
7,54,Yes,5,3,41.620416666666664
8,59,Yes,5,7,53.25333333333333
2,41,Yes,8,3,16.985
6,55,Yes,9,2,44.113416666666666
9,73,No,6,1,67.83
6,63,Yes,4,8,49.06833333333333
1,67,Yes,4,7,41.49625
6,76,Yes,4,6,65.3725
2,88,Yes,4,8,66.6425
3,75,Yes,6,1,55.985
6,68,Yes,6,4,57.31071428571428
9,87,No,4,1,83.94
3,70,Yes,5,2,49.56416666666667
3,46,Yes,4,6,25.711785714285714
8,81,No,7,9,74.565
7,49,Yes,6,4,39.17
6,73,No,7,4,59.4175
7,48,Yes,9,8,42.175
1,76,Yes,7,1,50.695
9,92,Yes,5,3,88.7025
7,42,Yes,5,3,33.405
6,53,Yes,5,7,39.79875
7,89,Yes,9,2,82.815
1,97,No,5,4,69.055
2,67,No,8,7,45.305
1,48,No,7,2,22.39
4,90,Yes,4,8,73.35
6,73,Yes,8,1,63.908857142857144
1,58,Yes,6,3,33.33
3,57,No,7,6,36.3335
1,63,No,9,1,38.1
7,47,No,7,1,38.2475
7,67,No,9,1,59.56783333333334
8,45,Yes,7,5,40.46
4,88,No,9,0,71.67916666666666
7,44,No,5,4,33.2475
7,54,No,5,9,45.29666666666666
3,54,No,8,3,36.21
3,67,No,7,9,47.07
3,62,No,4,4,41.355
4,48,No,7,0,30.80583333333333
8,69,No,4,6,62.90125
9,55,Yes,4,2,49.95833333333333
3,40,No,7,6,19.91125
9,98,Yes,9,1,95.495
9,57,No,5,0,52.9125
9,97,Yes,9,1,94.225
7,88,No,8,2,79.19333333333334
2,84,Yes,8,6,64.08
4,60,Yes,4,8,42.24933333333333
8,85,No,5,8,80.005
2,85,No,7,7,62.97333333333335
7,64,Yes,4,7,55.31583333333333
3,85,No,8,0,64.7075
4,56,Yes,5,0,41.39833333333334
3,85,No,8,0,64.7075
5,84,Yes,5,9,70.38
4,93,Yes,7,1,74.33
8,43,No,5,5,36.08
6,86,Yes,4,4,76.20666666666666
9,63,Yes,8,7,61.09783333333334
2,62,No,8,9,39.625
8,70,No,8,5,65.255
7,52,No,8,1,42.875
3,46,Yes,9,9,28.739166666666673
1,83,Yes,6,9,60.05966666666667
9,67,Yes,6,7,65.52
9,57,No,8,3,54.716452380952376
5,40,Yes,4,5,24.63166666666667
6,89,Yes,7,8,78.92
5,90,No,5,1,76.18083333333334
7,72,No,4,3,62.47
1,92,No,8,0,66.74779761904762
6,44,No,6,7,32.16246428571428
9,79,No,6,5,77.15
9,52,No,9,5,51.04516666666667
7,81,Yes,8,7,73.68875000000001
4,82,Yes,8,8,66.5
3,56,Yes,7,9,35.95666666666667
7,74,No,9,1,64.93733333333333
3,74,Yes,4,1,50.8
2,57,Yes,7,1,32.98941666666667
6,89,Yes,7,0,78.35875
1,85,Yes,5,2,58.972
6,66,Yes,4,4,54.615
9,40,No,5,8,35.06833333333333
2,60,No,4,5,37.721666666666664
5,88,No,6,9,74.56
4,64,No,9,1,45.57
9,96,No,8,3,94.86833333333334
4,41,Yes,8,7,23.89
2,87,No,9,5,63.657333333333334
5,99,Yes,9,3,87.855
6,93,Yes,8,2,83.17
5,53,Yes,6,3,37.86
4,89,No,7,8,74.12583333333333
9,41,Yes,6,2,37.815
6,73,Yes,6,2,61.04
3,74,No,7,3,54.2225
6,93,No,6,7,83.105
8,54,Yes,5,9,50.05383333333333
9,51,No,9,0,47.52458333333334
3,92,No,7,9,75.04
2,77,Yes,8,6,54.975
4,81,Yes,7,0,61.81
2,42,No,9,2,19.525
1,69,Yes,5,1,42.125
6,55,No,5,1,42.2875
3,97,Yes,9,0,78.4375
1,67,Yes,7,7,42.0175
3,84,Yes,5,3,63.055
7,57,Yes,5,1,48.5175
6,69,Yes,6,5,58.8825
3,41,No,8,7,20.7325
5,99,Yes,7,4,87.0
7,93,Yes,7,8,86.10016666666667
6,94,Yes,9,2,84.265
2,62,No,4,9,39.77
6,80,No,8,4,68.34450000000001
8,85,No,6,0,77.955
3,81,No,9,9,60.845
5,66,No,7,5,50.22
8,74,Yes,8,1,66.415
5,46,No,5,9,30.885
3,97,Yes,6,0,76.10083333333334
6,90,Yes,6,8,79.8925
5,50,No,5,5,31.68
5,49,No,7,5,33.095
6,60,No,6,1,47.6725
3,98,No,8,1,79.345
5,75,No,8,7,62.105
3,68,Yes,5,3,46.4125
4,49,No,4,6,31.2
4,94,No,5,1,75.002
4,79,No,5,6,63.13416666666667
8,52,Yes,6,9,47.81083333333334
3,61,No,8,6,42.27
4,77,No,7,1,59.005
7,84,No,7,0,75.545
1,97,Yes,9,8,73.32583333333334
2,61,Yes,5,1,37.825
2,70,Yes,4,1,47.69133333333333
5,47,No,4,9,31.33
4,44,Yes,6,7,26.885
2,81,No,4,7,58.28
2,59,No,8,3,34.77
9,68,Yes,4,8,65.295
5,66,No,6,5,51.075
1,64,Yes,6,3,37.06
3,73,Yes,5,9,51.005
3,72,No,7,9,51.835
2,50,Yes,7,5,26.878
3,97,No,4,5,76.48566666666666
7,57,No,8,2,49.18708333333334
3,86,Yes,4,8,67.765
7,80,Yes,9,9,74.64
7,98,No,4,4,86.62
9,68,Yes,7,7,66.33
5,68,No,9,6,55.155
5,99,Yes,6,4,83.55
3,65,Yes,4,0,43.89
8,58,Yes,5,3,53.67083333333333
6,41,Yes,9,1,31.6
5,40,Yes,8,5,26.481666666666666
2,66,No,9,5,44.355
4,93,No,4,9,77.205
8,84,No,9,2,78.155
1,91,Yes,9,5,66.3675
9,80,Yes,5,4,77.605
6,56,Yes,8,9,45.54
4,70,No,8,7,55.855
1,61,Yes,7,7,36.71
9,92,Yes,4,5,89.74
4,67,No,9,3,49.205
9,77,Yes,9,8,76.06
3,82,Yes,5,1,60.505
7,64,Yes,4,7,55.31583333333333
8,75,No,4,1,69.045
7,98,Yes,7,5,89.47
3,50,No,7,8,30.255
8,69,No,9,5,62.12
4,53,Yes,9,1,35.52
5,88,No,5,8,73.26
5,92,Yes,7,8,78.925
6,72,Yes,4,2,59.74
1,80,No,5,4,54.35
4,58,Yes,9,9,42.22583333333334
9,95,No,5,7,91.13191666666667
4,64,Yes,8,9,47.9525
8,65,No,4,8,59.52166666666667
5,72,Yes,8,7,58.67083333333334
9,43,No,6,5,40.75
8,90,Yes,6,8,83.89458333333334
5,44,Yes,9,1,30.067833333333333
1,61,Yes,4,1,33.135
8,57,Yes,7,6,52.59583333333334
3,90,Yes,8,2,69.695
8,86,Yes,5,8,81.935
8,53,Yes,4,5,46.72083333333334
8,63,No,5,6,57.31100000000001
1,60,No,6,1,33.25299999999999
6,64,Yes,6,8,53.3325
1,58,Yes,8,8,33.76875
2,46,Yes,7,9,22.15275
4,86,Yes,7,2,69.04125000000002
8,47,No,5,0,38.6375
1,40,No,9,6,15.76
5,54,No,8,7,40.608333333333334
8,65,No,7,3,59.11
2,97,No,5,8,73.955
1,79,No,4,1,51.39
9,97,No,6,9,94.45166666666668
3,72,Yes,8,6,54.66375
6,62,Yes,8,0,49.35
1,52,Yes,6,3,25.215
5,96,No,7,5,82.045
3,84,No,9,7,64.55
2,86,Yes,7,7,63.9359761904762
7,77,No,5,9,68.57166666666667
5,80,Yes,6,7,66.0
9,81,Yes,5,1,76.975
2,48,No,7,7,25.21
3,62,No,6,2,41.605
5,65,No,4,9,50.11166666666666
6,69,No,9,5,58.455
8,85,No,9,7,80.61
5,58,No,9,5,44.565
5,65,No,9,6,52.545
3,81,Yes,9,3,61.092666666666666
1,62,Yes,8,6,39.91
5,88,No,4,4,71.47
5,67,Yes,5,0,51.03333333333334
4,40,Yes,7,5,24.125
6,77,Yes,6,6,66.068
4,48,No,8,2,31.82458333333333
7,99,Yes,6,2,89.649
1,44,No,8,7,18.86407142857143
5,98,No,6,6,82.305
9,64,No,5,5,59.955
5,81,No,5,7,66.97
8,97,No,6,0,90.26
4,64,Yes,7,2,46.59
4,48,Yes,5,8,30.87
5,54,Yes,5,9,39.33
9,84,No,4,3,80.005
4,59,Yes,4,4,40.410833333333336
6,47,Yes,6,4,34.905
5,96,Yes,6,8,79.93
9,84,No,9,9,85.015
4,72,No,6,7,55.515
2,72,No,8,2,49.02
4,85,Yes,6,8,68.81
2,95,Yes,5,7,72.375
5,93,No,8,5,79.185
4,91,Yes,4,3,74.05
8,46,No,9,2,41.005
8,93,No,8,3,87.77600000000001
6,79,No,9,6,71.57
9,60,No,7,4,56.71833333333334
5,56,No,8,5,42.575
1,86,No,6,6,61.325
9,57,No,6,3,52.617904761904754
2,63,Yes,6,9,41.155
9,63,Yes,4,9,58.06
7,86,Yes,8,6,80.56
8,58,Yes,6,7,52.62607142857143
6,81,No,7,3,68.31654761904763
6,99,Yes,5,2,87.2995
9,44,Yes,4,4,39.5
8,56,No,5,4,49.635
5,89,No,7,0,75.16
7,78,No,6,5,68.87
2,85,Yes,8,5,64.95583333333335
7,47,No,7,9,38.555
2,40,No,9,8,18.09
6,41,No,9,3,30.34716666666667
8,43,No,5,9,37.7675
6,87,Yes,5,3,73.79116666666665
7,42,Yes,9,8,35.805
3,45,Yes,9,2,23.35916666666667
3,60,Yes,8,1,38.93833333333333
5,99,Yes,9,3,87.855
4,67,No,6,8,49.59333333333334
3,93,No,5,6,74.285
4,77,No,4,5,59.08333333333333
6,82,No,5,9,70.46
6,75,No,4,6,62.87
6,79,No,5,1,65.705
9,78,Yes,4,1,73.305
1,65,No,8,1,37.7
6,64,Yes,4,4,49.88416666666668
5,56,No,8,0,42.975
8,76,Yes,5,1,71.215
2,61,Yes,7,7,40.65
3,61,No,6,1,42.045
7,53,Yes,5,1,41.8375
4,65,Yes,8,7,48.1365
5,61,Yes,9,4,47.5825
1,69,No,8,8,43.515
3,55,No,5,7,35.6825
9,77,No,4,0,71.67666666666668
8,45,Yes,4,0,37.9465
8,43,Yes,7,0,35.79475
8,45,Yes,7,5,40.46
9,65,No,7,4,61.485
8,50,No,7,9,45.1025
3,80,No,6,1,58.233999999999995
1,48,No,8,3,23.015
5,90,Yes,4,8,75.04466666666667
1,57,Yes,6,1,33.245
5,56,Yes,7,6,40.845
6,40,No,5,2,24.686333333333334
5,76,No,5,2,62.25
9,87,Yes,5,9,85.28
8,95,No,9,6,92.23333333333333
4,95,Yes,5,8,75.005
1,65,No,9,0,37.21
3,96,No,8,7,77.13
8,96,Yes,4,1,89.8475
4,69,Yes,4,1,51.69233333333334
6,49,No,5,5,37.245
9,78,No,7,1,75.37861904761905
8,46,Yes,7,7,41.93054761904762
7,74,Yes,5,7,65.60766666666667
5,59,Yes,8,9,47.03833333333334
6,65,Yes,4,1,51.30750000000001
6,65,Yes,6,5,53.46
8,82,Yes,6,5,77.625
7,74,No,9,2,65.14333333333333
6,74,No,6,6,61.145
8,72,Yes,7,2,64.885
3,72,Yes,4,1,49.23083333333333
5,51,Yes,5,1,36.533571428571435
4,65,Yes,7,7,47.93416666666667
2,53,Yes,5,9,29.155833333333334
9,89,No,9,3,86.6
4,98,Yes,9,7,82.275
2,85,No,6,3,62.815
5,82,No,9,5,71.27
3,85,No,7,6,65.24
2,98,No,7,1,73.85
2,94,Yes,8,9,70.5445
5,74,No,9,4,62.18
1,98,Yes,9,3,73.6175
9,78,No,8,9,77.6
9,88,No,8,2,86.40833333333332
4,80,Yes,9,1,62.6825
4,77,No,9,2,60.755
9,70,No,9,9,68.3335
2,98,No,7,9,75.045
8,87,Yes,4,9,83.775
1,48,Yes,8,5,24.615
3,46,No,5,8,25.42375
9,52,No,9,7,51.52516666666667
1,49,Yes,4,2,21.08
